pair,pair_label,task,task_label,method,score,payload_tokens,payload_bytes,payload_mb,t_total,peak_mem_gb,compute_tokens_proxy,run_dir,method_group
pair1_llama31_same,S: Llama-3.1-8B; R: Llama-3.1-8B,hotpotqa,HotpotQA,NLD,0.361616,17.359596,63.783838,6.1e-05,1.550486,29.958664,392.139394,snapshots/nld_cost_profile/pair1_llama31_same/hotpotqa/nld/nld_cost_0709_1756,NLD
pair1_llama31_same,S: Llama-3.1-8B; R: Llama-3.1-8B,hotpotqa,HotpotQA,ReKV-w8 r=0.3,0.694949,1448.529293,5933175.983838,5.6583,0.381009,30.043952,222.064647,snapshots/cost_profile/pair1_llama31_same_all8_full/hotpotqa/mtc_receiver/recv_w8_r0.3_cost_0630_1829,ReKV-w8 r=0.3
pair1_llama31_same,S: Llama-3.1-8B; R: Llama-3.1-8B,hotpotqa,HotpotQA,B-ReKV t=0.95 s=0.85 w8,0.715152,1530.442424,6268692.169697,5.9783,0.480384,30.043952,222.476768,snapshots/cost_profile/pair1_llama31_same_all8_full/hotpotqa/coverage/cov_t0.95_s0.85_w8_cost_0630_1910,B-ReKV
pair1_llama31_same,S: Llama-3.1-8B; R: Llama-3.1-8B,musique,MuSiQue,NLD,0.149495,49.357576,182.963636,0.000174,2.93364,30.012374,717.216161,snapshots/nld_cost_profile/pair1_llama31_same/musique/nld/nld_cost_0709_1810,NLD
pair1_llama31_same,S: Llama-3.1-8B; R: Llama-3.1-8B,musique,MuSiQue,ReKV-w8 r=0.3,0.478788,3898.054545,15966431.418182,15.2268,0.593774,30.1694,464.230303,snapshots/cost_profile/pair1_llama31_same_all8_full/musique/mtc_receiver/recv_w8_r0.3_cost_0630_2232,ReKV-w8 r=0.3
pair1_llama31_same,S: Llama-3.1-8B; R: Llama-3.1-8B,musique,MuSiQue,B-ReKV t=0.95 s=0.85 w8,0.488889,3681.59798,15079825.325253,14.3812,0.61238,30.169077,463.717172,snapshots/cost_profile/pair1_llama31_same_all8_full/musique/coverage/cov_t0.95_s0.85_w8_cost_0630_2325,B-ReKV
pair1_llama31_same,S: Llama-3.1-8B; R: Llama-3.1-8B,multifieldqa_en,MultiFieldQA-en,NLD,0.048276,17.296552,69.606897,6.6e-05,3.44058,31.541676,7210.193104,snapshots/nld_cost_profile/pair1_llama31_same/multifieldqa_en/nld/nld_cost_0709_1835,NLD
pair1_llama31_same,S: Llama-3.1-8B; R: Llama-3.1-8B,multifieldqa_en,MultiFieldQA-en,ReKV-w8 r=0.3,0.666667,107485.333333,440259925.333333,419.8646,3.132024,35.559693,10515.0,snapshots/cost_profile/pair1_llama31_same/multifieldqa_en/mtc_receiver/recv_w8_r0.3_cost_0630_1646,ReKV-w8 r=0.3
pair1_llama31_same,S: Llama-3.1-8B; R: Llama-3.1-8B,multifieldqa_en,MultiFieldQA-en,B-ReKV t=0.95 s=0.75 w8,0.666667,55491.0,227291136.0,216.7617,2.674556,35.351556,10518.333333,snapshots/cost_profile/pair1_llama31_same/multifieldqa_en/coverage/cov_t0.95_s0.75_w8_cost_0630_1648,B-ReKV
pair6_llama32_abliterated_deepseek3b,S: Llama-3.2-3B-Abliterated; R: DeepSeek-R1-3B,hotpotqa,HotpotQA,NLD,0.292929,12.840404,48.218182,4.6e-05,0.801204,11.998647,287.89293,snapshots/nld_cost_profile/pair6_llama32_abliterated_deepseek3b/hotpotqa/nld/nld_cost_0709_1844,NLD
pair6_llama32_abliterated_deepseek3b,S: Llama-3.2-3B-Abliterated; R: DeepSeek-R1-3B,hotpotqa,HotpotQA,ReKV-w8 r=0.3,0.646465,1051.416162,4306600.59798,4.1071,0.300986,12.057314,170.569697,snapshots/cost_profile/table1_pair6_llama32_abliterated_deepseek3b_full/hotpotqa/mtc_receiver/recv_w8_r0.3_cost_0702_1350,ReKV-w8 r=0.3
pair6_llama32_abliterated_deepseek3b,S: Llama-3.2-3B-Abliterated; R: DeepSeek-R1-3B,hotpotqa,HotpotQA,B-ReKV t=0.95 s=0.90 w16,0.672727,1184.220202,4850565.947475,4.6259,0.327668,12.057313,170.646465,snapshots/cost_profile/table1_pair6_llama32_abliterated_deepseek3b_full/hotpotqa/coverage/cov_t0.95_s0.90_w16_cost_0702_1403,B-ReKV
pair6_llama32_abliterated_deepseek3b,S: Llama-3.2-3B-Abliterated; R: DeepSeek-R1-3B,musique,MuSiQue,NLD,0.080808,18.018182,71.987879,6.9e-05,1.272986,12.040454,556.387879,snapshots/nld_cost_profile/pair6_llama32_abliterated_deepseek3b/musique/nld/nld_cost_0709_1851,NLD
pair6_llama32_abliterated_deepseek3b,S: Llama-3.2-3B-Abliterated; R: DeepSeek-R1-3B,musique,MuSiQue,ReKV-w8 r=0.3,0.359596,3216.167677,13173422.80404,12.5632,0.38876,12.17275,411.070707,snapshots/cost_profile/table1_pair6_llama32_abliterated_deepseek3b_full/musique/mtc_receiver/recv_w8_r0.3_cost_0702_1614,ReKV-w8 r=0.3
pair6_llama32_abliterated_deepseek3b,S: Llama-3.2-3B-Abliterated; R: DeepSeek-R1-3B,musique,MuSiQue,B-ReKV t=0.95 s=0.75 w8,0.381818,2433.791919,9968811.70101,9.507,0.387132,12.171355,411.133333,snapshots/cost_profile/table1_pair6_llama32_abliterated_deepseek3b_full/musique/coverage/cov_t0.95_s0.75_w8_cost_0702_1621,B-ReKV
pair6_llama32_abliterated_deepseek3b,S: Llama-3.2-3B-Abliterated; R: DeepSeek-R1-3B,multifieldqa_en,MultiFieldQA-en,NLD,0.062069,20.255172,85.462069,8.2e-05,2.182238,13.195138,7122.627587,snapshots/nld_cost_profile/pair6_llama32_abliterated_deepseek3b/multifieldqa_en/nld/nld_cost_0709_1902,NLD
pair6_llama32_abliterated_deepseek3b,S: Llama-3.2-3B-Abliterated; R: DeepSeek-R1-3B,multifieldqa_en,MultiFieldQA-en,ReKV-w8 r=0.3,0.462069,62900.848276,257641874.537931,245.7064,1.261509,15.467569,6973.310345,snapshots/cost_profile/table1_pair6_llama32_abliterated_deepseek3b_full/multifieldqa_en/mtc_receiver/recv_w8_r0.3_cost_0702_1652,ReKV-w8 r=0.3
pair6_llama32_abliterated_deepseek3b,S: Llama-3.2-3B-Abliterated; R: DeepSeek-R1-3B,multifieldqa_en,MultiFieldQA-en,B-ReKV t=0.95 s=0.90 w16,0.489655,64528.834483,264310106.041379,252.0658,1.265695,15.481605,6973.289655,snapshots/cost_profile/table1_pair6_llama32_abliterated_deepseek3b_full/multifieldqa_en/coverage/cov_t0.95_s0.90_w16_cost_0702_1707,B-ReKV
pair7_qwen25_uncensored_bespoke,S: Qwen2.5-7B-Uncensored; R: Bespoke-Stratos-7B,hotpotqa,HotpotQA,NLD,0.115152,21.816162,86.989899,8.3e-05,2.531885,28.4126,455.785858,snapshots/nld_cost_profile/pair7_qwen25_uncensored_bespoke/hotpotqa/nld/nld_cost_0709_1908,NLD
pair7_qwen25_uncensored_bespoke,S: Qwen2.5-7B-Uncensored; R: Bespoke-Stratos-7B,hotpotqa,HotpotQA,ReKV-w8 r=0.3,0.39596,1273.036364,2607178.472727,2.4864,1.145947,28.481063,231.812121,snapshots/cost_profile/table1_pair7_qwen25_uncensored_bespoke_full/hotpotqa/mtc_receiver/recv_w8_r0.3_cost_0703_0324,ReKV-w8 r=0.3
pair7_qwen25_uncensored_bespoke,S: Qwen2.5-7B-Uncensored; R: Bespoke-Stratos-7B,hotpotqa,HotpotQA,B-ReKV t=0.95 s=0.85 w8,0.446465,1433.238384,2935272.210101,2.7993,1.106694,28.48078,230.515151,snapshots/cost_profile/table1_pair7_qwen25_uncensored_bespoke_full/hotpotqa/coverage/cov_t0.95_s0.85_w8_cost_0703_0355,B-ReKV
pair7_qwen25_uncensored_bespoke,S: Qwen2.5-7B-Uncensored; R: Bespoke-Stratos-7B,musique,MuSiQue,NLD,0.042424,24.230303,96.123232,9.2e-05,3.571563,28.453824,769.050505,snapshots/nld_cost_profile/pair7_qwen25_uncensored_bespoke/musique/nld/nld_cost_0709_1929,NLD
pair7_qwen25_uncensored_bespoke,S: Qwen2.5-7B-Uncensored; R: Bespoke-Stratos-7B,musique,MuSiQue,ReKV-w8 r=0.3,0.288889,3549.133333,7268625.066667,6.9319,1.209848,28.582993,487.123232,snapshots/cost_profile/table1_pair7_qwen25_uncensored_bespoke_full/musique/mtc_receiver/recv_w8_r0.3_cost_0703_1155,ReKV-w8 r=0.3
pair7_qwen25_uncensored_bespoke,S: Qwen2.5-7B-Uncensored; R: Bespoke-Stratos-7B,musique,MuSiQue,B-ReKV t=0.95 s=0.85 w8,0.307071,3442.187879,7049600.775758,6.723,1.195543,28.583031,486.626262,snapshots/cost_profile/table1_pair7_qwen25_uncensored_bespoke_full/musique/coverage/cov_t0.95_s0.85_w8_cost_0703_1227,B-ReKV
pair7_qwen25_uncensored_bespoke,S: Qwen2.5-7B-Uncensored; R: Bespoke-Stratos-7B,multifieldqa_en,MultiFieldQA-en,NLD,0.117241,27.855172,124.255172,0.000118,5.283789,29.717704,7543.275861,snapshots/nld_cost_profile/pair7_qwen25_uncensored_bespoke/multifieldqa_en/nld/nld_cost_0709_1959,NLD
pair7_qwen25_uncensored_bespoke,S: Qwen2.5-7B-Uncensored; R: Bespoke-Stratos-7B,multifieldqa_en,MultiFieldQA-en,ReKV-w8 r=0.3,0.372414,65196.02069,133521450.372414,127.336,3.040652,31.435741,7266.255172,snapshots/cost_profile/table1_pair7_qwen25_uncensored_bespoke_full/multifieldqa_en/mtc_receiver/recv_w8_r0.3_cost_0703_1332,ReKV-w8 r=0.3
pair7_qwen25_uncensored_bespoke,S: Qwen2.5-7B-Uncensored; R: Bespoke-Stratos-7B,multifieldqa_en,MultiFieldQA-en,B-ReKV t=0.95 s=0.75 w8,0.393103,41905.958621,85823403.255172,81.8476,2.888542,31.411949,7264.820689,snapshots/cost_profile/table1_pair7_qwen25_uncensored_bespoke_full/multifieldqa_en/coverage/cov_t0.95_s0.75_w8_cost_0703_1349,B-ReKV
