family,pair,task,setting,protocol_version,n,score,budget,run_dir
score_function,pair6,hotpotqa,random,query_agnostic_kv_v1,500,0.406,0.32493556200000007,snapshots/query_sketch_score_function_ablation/pair6_llama32_abliterated_deepseek3b/hotpotqa/mtc_random/random_r0.3_0712_2235
score_function,pair6,hotpotqa,receiver,query_sketch_bf16_v1,500,0.604,0.32493556200000007,snapshots/query_sketch_score_function_ablation/pair6_llama32_abliterated_deepseek3b/hotpotqa/mtc_receiver/receiver_w8_r0.3_0712_2237
score_function,pair6,hotpotqa,receiver_recency,query_sketch_bf16_v1,500,0.622,0.32493556200000007,snapshots/query_sketch_score_function_ablation/pair6_llama32_abliterated_deepseek3b/hotpotqa/mtc_receiver_recency/receiver_recency_w8_r0.3_0712_2241
score_function,pair6,hotpotqa,receiver_x_value_norm,query_sketch_bf16_v1,500,0.608,0.32493556200000007,snapshots/query_sketch_score_function_ablation/pair6_llama32_abliterated_deepseek3b/hotpotqa/mtc_receiver_x_value_norm/receiver_x_value_norm_w8_r0.3_0712_2239
score_function,pair6,hotpotqa,value_norm,query_agnostic_kv_v1,500,0.516,0.32493556200000007,snapshots/query_sketch_score_function_ablation/pair6_llama32_abliterated_deepseek3b/hotpotqa/mtc_value_norm/value_norm_r0.3_0712_2233
score_function,pair6,multifieldqa_en,random,query_agnostic_kv_v1,150,0.32,0.32499991999999994,snapshots/query_sketch_score_function_ablation/pair6_llama32_abliterated_deepseek3b/multifieldqa_en/mtc_random/random_r0.3_0712_2300
score_function,pair6,multifieldqa_en,receiver,query_sketch_bf16_v1,150,0.5266666666666666,0.32499991999999994,snapshots/query_sketch_score_function_ablation/pair6_llama32_abliterated_deepseek3b/multifieldqa_en/mtc_receiver/receiver_w8_r0.3_0712_2303
score_function,pair6,multifieldqa_en,receiver_recency,query_sketch_bf16_v1,150,0.5266666666666666,0.32499991999999994,snapshots/query_sketch_score_function_ablation/pair6_llama32_abliterated_deepseek3b/multifieldqa_en/mtc_receiver_recency/receiver_recency_w8_r0.3_0712_2309
score_function,pair6,multifieldqa_en,receiver_x_value_norm,query_sketch_bf16_v1,150,0.49333333333333335,0.32499991999999994,snapshots/query_sketch_score_function_ablation/pair6_llama32_abliterated_deepseek3b/multifieldqa_en/mtc_receiver_x_value_norm/receiver_x_value_norm_w8_r0.3_0712_2306
score_function,pair6,multifieldqa_en,value_norm,query_agnostic_kv_v1,150,0.32666666666666666,0.32499991999999994,snapshots/query_sketch_score_function_ablation/pair6_llama32_abliterated_deepseek3b/multifieldqa_en/mtc_value_norm/value_norm_r0.3_0712_2257
score_function,pair6,musique,random,query_agnostic_kv_v1,500,0.182,0.32497517400000014,snapshots/query_sketch_score_function_ablation/pair6_llama32_abliterated_deepseek3b/musique/mtc_random/random_r0.3_0712_2246
score_function,pair6,musique,receiver,query_sketch_bf16_v1,500,0.338,0.32497517400000014,snapshots/query_sketch_score_function_ablation/pair6_llama32_abliterated_deepseek3b/musique/mtc_receiver/receiver_w8_r0.3_0712_2249
score_function,pair6,musique,receiver_recency,query_sketch_bf16_v1,500,0.332,0.32497517400000014,snapshots/query_sketch_score_function_ablation/pair6_llama32_abliterated_deepseek3b/musique/mtc_receiver_recency/receiver_recency_w8_r0.3_0712_2254
score_function,pair6,musique,receiver_x_value_norm,query_sketch_bf16_v1,500,0.33,0.32497517400000014,snapshots/query_sketch_score_function_ablation/pair6_llama32_abliterated_deepseek3b/musique/mtc_receiver_x_value_norm/receiver_x_value_norm_w8_r0.3_0712_2251
score_function,pair6,musique,value_norm,query_agnostic_kv_v1,500,0.236,0.32497517400000014,snapshots/query_sketch_score_function_ablation/pair6_llama32_abliterated_deepseek3b/musique/mtc_value_norm/value_norm_r0.3_0712_2244
layer_aggregation,pair6,hotpotqa,identity,query_sketch_bf16_v1,500,0.604,0.32493556200000007,snapshots/query_sketch_layer_aggregation_ablation/pair6_llama32_abliterated_deepseek3b/hotpotqa/agg_identity/recv_identity_w8_r0.3_0712_2312
layer_aggregation,pair6,hotpotqa,last,query_sketch_bf16_v1,500,0.484,0.32493556200000007,snapshots/query_sketch_layer_aggregation_ablation/pair6_llama32_abliterated_deepseek3b/hotpotqa/agg_last/recv_last_w8_r0.3_0712_2315
layer_aggregation,pair6,hotpotqa,last4,query_sketch_bf16_v1,500,0.532,0.32493556200000007,snapshots/query_sketch_layer_aggregation_ablation/pair6_llama32_abliterated_deepseek3b/hotpotqa/agg_last4/recv_last4_w8_r0.3_0712_2321
layer_aggregation,pair6,hotpotqa,mean,query_sketch_bf16_v1,500,0.492,0.32493556200000007,snapshots/query_sketch_layer_aggregation_ablation/pair6_llama32_abliterated_deepseek3b/hotpotqa/agg_mean/recv_mean_w8_r0.3_0712_2317
layer_aggregation,pair6,hotpotqa,top4,query_sketch_bf16_v1,500,0.558,0.32493556200000007,snapshots/query_sketch_layer_aggregation_ablation/pair6_llama32_abliterated_deepseek3b/hotpotqa/agg_top4/recv_top4_w8_r0.3_0712_2319
layer_aggregation,pair6,multifieldqa_en,identity,query_sketch_bf16_v1,150,0.5266666666666666,0.32499991999999994,snapshots/query_sketch_layer_aggregation_ablation/pair6_llama32_abliterated_deepseek3b/multifieldqa_en/agg_identity/recv_identity_w8_r0.3_0712_2337
layer_aggregation,pair6,multifieldqa_en,last,query_sketch_bf16_v1,150,0.36,0.32499991999999994,snapshots/query_sketch_layer_aggregation_ablation/pair6_llama32_abliterated_deepseek3b/multifieldqa_en/agg_last/recv_last_w8_r0.3_0712_2340
layer_aggregation,pair6,multifieldqa_en,last4,query_sketch_bf16_v1,150,0.47333333333333333,0.32499991999999994,snapshots/query_sketch_layer_aggregation_ablation/pair6_llama32_abliterated_deepseek3b/multifieldqa_en/agg_last4/recv_last4_w8_r0.3_0712_2350
layer_aggregation,pair6,multifieldqa_en,mean,query_sketch_bf16_v1,150,0.43333333333333335,0.32499991999999994,snapshots/query_sketch_layer_aggregation_ablation/pair6_llama32_abliterated_deepseek3b/multifieldqa_en/agg_mean/recv_mean_w8_r0.3_0712_2343
layer_aggregation,pair6,multifieldqa_en,top4,query_sketch_bf16_v1,150,0.48,0.32499991999999994,snapshots/query_sketch_layer_aggregation_ablation/pair6_llama32_abliterated_deepseek3b/multifieldqa_en/agg_top4/recv_top4_w8_r0.3_0712_2346
layer_aggregation,pair6,musique,identity,query_sketch_bf16_v1,500,0.338,0.32497517400000014,snapshots/query_sketch_layer_aggregation_ablation/pair6_llama32_abliterated_deepseek3b/musique/agg_identity/recv_identity_w8_r0.3_0712_2323
layer_aggregation,pair6,musique,last,query_sketch_bf16_v1,500,0.23,0.32497517400000014,snapshots/query_sketch_layer_aggregation_ablation/pair6_llama32_abliterated_deepseek3b/musique/agg_last/recv_last_w8_r0.3_0712_2326
layer_aggregation,pair6,musique,last4,query_sketch_bf16_v1,500,0.254,0.32497517400000014,snapshots/query_sketch_layer_aggregation_ablation/pair6_llama32_abliterated_deepseek3b/musique/agg_last4/recv_last4_w8_r0.3_0712_2334
layer_aggregation,pair6,musique,mean,query_sketch_bf16_v1,500,0.276,0.32497517400000014,snapshots/query_sketch_layer_aggregation_ablation/pair6_llama32_abliterated_deepseek3b/musique/agg_mean/recv_mean_w8_r0.3_0712_2329
layer_aggregation,pair6,musique,top4,query_sketch_bf16_v1,500,0.282,0.32497517400000014,snapshots/query_sketch_layer_aggregation_ablation/pair6_llama32_abliterated_deepseek3b/musique/agg_top4/recv_top4_w8_r0.3_0712_2331
