pair,task,baseline_method,n,brekv_score,brekv_actual_budget,matched_baseline_score,score_delta,lower_ratio,upper_ratio,interpolation_weight,lower_actual_budget,upper_actual_budget
pair1_llama31_same,countries,ReKV,200,0.615,0.2943774550000002,0.5933161524218278,0.02168384757817221,0.25,0.3,0.4158076210913905,0.2736311349999994,0.32352516999999986
pair1_llama31_same,countries,ValueNorm/Evict,200,0.615,0.2943774550000002,0.5737628856836291,0.04123711431637089,0.25,0.3,0.4158076210913905,0.2736311349999994,0.32352516999999986
pair1_llama31_same,countries,Random,200,0.615,0.2943774550000002,0.34405499074188073,0.27094500925811926,0.25,0.3,0.4158076210913905,0.2736311349999994,0.32352516999999986
pair1_llama31_same,hotpotqa,ReKV,500,0.56,0.2754482219999999,0.5722259136460103,-0.012225913646010222,0.25,0.3,0.03709856076683813,0.2736553139999998,0.3219835499999998
pair1_llama31_same,hotpotqa,ValueNorm/Evict,500,0.56,0.2754482219999999,0.5233355481876062,0.03666445181239386,0.25,0.3,0.03709856076683813,0.2736553139999998,0.3219835499999998
pair1_llama31_same,hotpotqa,Random,500,0.56,0.2754482219999999,0.36081949061827967,0.19918050938172038,0.25,0.3,0.03709856076683813,0.2736553139999998,0.3219835499999998
pair1_llama31_same,multifieldqa_en,ReKV,150,0.5,0.33536828,0.49333333333333335,0.006666666666666654,0.3,0.35,0.2787416311432424,0.3218667266666666,0.37030424666666656
pair1_llama31_same,multifieldqa_en,ValueNorm/Evict,150,0.5,0.33536828,0.3285249442076216,0.17147505579237837,0.3,0.35,0.2787416311432424,0.3218667266666666,0.37030424666666656
pair1_llama31_same,multifieldqa_en,Random,150,0.5,0.33536828,0.3996746094533513,0.10032539054664869,0.3,0.35,0.2787416311432424,0.3218667266666666,0.37030424666666656
pair1_llama31_same,musique,ReKV,500,0.304,0.27454659399999964,0.3385146745597859,-0.03451467455978591,0.25,0.3,0.023394298172086183,0.2734137259999997,0.32183868800000015
pair1_llama31_same,musique,ValueNorm/Evict,500,0.304,0.27454659399999964,0.2806082517524743,0.023391748247525712,0.25,0.3,0.023394298172086183,0.2734137259999997,0.32183868800000015
pair1_llama31_same,musique,Random,500,0.304,0.27454659399999964,0.14460825175247424,0.15939174824752575,0.25,0.3,0.023394298172086183,0.2734137259999997,0.32183868800000015
pair1_llama31_same,qasper,ReKV,500,0.31,0.35253970199999995,0.31119594999333905,-0.0011959499933390516,0.3,0.35,0.6331645830557929,0.3218737000000005,0.3703066080000003
pair1_llama31_same,qasper,ValueNorm/Evict,500,0.31,0.35253970199999995,0.27479392499000854,0.035206075009991455,0.3,0.35,0.6331645830557929,0.3218737000000005,0.3703066080000003
pair1_llama31_same,qasper,Random,500,0.31,0.35253970199999995,0.23039189998667806,0.07960810001332194,0.3,0.35,0.6331645830557929,0.3218737000000005,0.3703066080000003
pair1_llama31_same,tipsheets,ReKV,500,0.712,0.278143484,0.5286542829995564,0.18334571700044355,0.25,0.3,0.09696422915742477,0.2734495499999996,0.321858474
pair1_llama31_same,tipsheets,ValueNorm/Evict,500,0.712,0.278143484,0.6268482114578713,0.08515178854212868,0.25,0.3,0.09696422915742477,0.2734495499999996,0.321858474
pair1_llama31_same,tipsheets,Random,500,0.712,0.278143484,0.601042139916186,0.11095786008381392,0.25,0.3,0.09696422915742477,0.2734495499999996,0.321858474
pair1_llama31_same,tmath,ReKV,300,0.35593849666666655,0.2648429900000001,0.34912731834733496,0.00681117831933159,0.2,0.25,0.8225579231039882,0.2249636600000001,0.273445753333333
pair1_llama31_same,tmath,ValueNorm/Evict,300,0.35593849666666655,0.2648429900000001,0.3488898145590344,0.007048682107632154,0.2,0.25,0.8225579231039882,0.2249636600000001,0.273445753333333
pair1_llama31_same,tmath,Random,300,0.35593849666666655,0.2648429900000001,0.34135486219627315,0.014583634470393403,0.2,0.25,0.8225579231039882,0.2249636600000001,0.273445753333333
pair1_llama31_same,twowikimqa,ReKV,200,0.43,0.3396907650000001,0.4173553726259562,0.012644627374043815,0.3,0.35,0.36776863129780996,0.32187672000000006,0.3703149049999999
pair1_llama31_same,twowikimqa,ValueNorm/Evict,200,0.43,0.3396907650000001,0.33419421578244524,0.09580578421755476,0.3,0.35,0.36776863129780996,0.32187672000000006,0.3703149049999999
pair1_llama31_same,twowikimqa,Random,200,0.43,0.3396907650000001,0.3081611568435109,0.12183884315648907,0.3,0.35,0.36776863129780996,0.32187672000000006,0.3703149049999999
pair2_llama32_same,countries,ReKV,200,0.53,0.27457085,0.48975054325683876,0.04024945674316127,0.2,0.25,0.9501086513677474,0.22872310999999995,0.27697837
pair2_llama32_same,countries,ValueNorm/Evict,200,0.53,0.27457085,0.4692516297705162,0.06074837022948382,0.2,0.25,0.9501086513677474,0.22872310999999995,0.27697837
pair2_llama32_same,countries,Random,200,0.53,0.27457085,0.47825380279787116,0.05174619720212886,0.2,0.25,0.9501086513677474,0.22872310999999995,0.27697837
pair2_llama32_same,hotpotqa,ReKV,500,0.498,0.25603113600000005,0.501545996058198,-0.003545996058198053,0.2,0.25,0.566999896268369,0.22856981600000012,0.2770024880000001
pair2_llama32_same,hotpotqa,ValueNorm/Evict,500,0.498,0.25603113600000005,0.4654839946059552,0.03251600539404481,0.2,0.25,0.566999896268369,0.22856981600000012,0.2770024880000001
pair2_llama32_same,hotpotqa,Random,500,0.498,0.25603113600000005,0.3212159950208817,0.17678400497911828,0.2,0.25,0.566999896268369,0.22856981600000012,0.2770024880000001
pair2_llama32_same,multifieldqa_en,ReKV,150,0.5066666666666667,0.4014879733333332,0.5255154673609748,-0.018848800694308054,0.35,0.4,0.5863399479268973,0.3732060066666668,0.4214407666666668
pair2_llama32_same,multifieldqa_en,ValueNorm/Evict,150,0.5066666666666667,0.4014879733333332,0.36069586423658856,0.14597080243007815,0.35,0.4,0.5863399479268973,0.3732060066666668,0.4214407666666668
pair2_llama32_same,multifieldqa_en,Random,150,0.5066666666666667,0.4014879733333332,0.35127146388943453,0.15539520277723218,0.35,0.4,0.5863399479268973,0.3732060066666668,0.4214407666666668
pair2_llama32_same,musique,ReKV,500,0.232,0.26483521600000004,0.2260177279108725,0.005982272089127522,0.2,0.25,0.7522159888590619,0.2286281900000001,0.27676200599999984
pair2_llama32_same,musique,ValueNorm/Evict,500,0.232,0.26483521600000004,0.20107977559892623,0.03092022440107378,0.2,0.25,0.7522159888590619,0.2286281900000001,0.27676200599999984
pair2_llama32_same,musique,Random,500,0.232,0.26483521600000004,0.11357534362120811,0.1184246563787919,0.2,0.25,0.7522159888590619,0.2286281900000001,0.27676200599999984
pair2_llama32_same,qasper,ReKV,500,0.316,0.4067565699999998,0.3089576580392619,0.007042341960738108,0.35,0.4,0.6957658039261919,0.37320847399999935,0.42142598599999886
pair2_llama32_same,qasper,ValueNorm/Evict,500,0.316,0.4067565699999998,0.2605237844706715,0.05547621552932852,0.35,0.4,0.6957658039261919,0.37320847399999935,0.42142598599999886
pair2_llama32_same,qasper,Random,500,0.316,0.4067565699999998,0.23608991090208098,0.07991008909791902,0.35,0.4,0.6957658039261919,0.37320847399999935,0.42142598599999886
pair2_llama32_same,tipsheets,ReKV,500,0.42,0.23684930000000012,0.37607915212953724,0.04392084787046274,0.2,0.25,0.1699646720640516,0.22866915800000012,0.2767976420000004
pair2_llama32_same,tipsheets,ValueNorm/Evict,500,0.42,0.23684930000000012,0.3996996467206405,0.020300353279359473,0.2,0.25,0.1699646720640516,0.22866915800000012,0.2767976420000004
pair2_llama32_same,tipsheets,Random,500,0.42,0.23684930000000012,0.3707194347530248,0.04928056524697516,0.2,0.25,0.1699646720640516,0.22866915800000012,0.2767976420000004
pair2_llama32_same,tmath,ReKV,300,0.3497881966666668,0.25761217333333336,0.3400329372291454,0.009755259437521369,0.2,0.25,0.6025229435266686,0.22853519333333358,0.2767939033333334
pair2_llama32_same,tmath,ValueNorm/Evict,300,0.3497881966666668,0.25761217333333336,0.33418301906607806,0.015605177600588716,0.2,0.25,0.6025229435266686,0.22853519333333358,0.2767939033333334
pair2_llama32_same,tmath,Random,300,0.3497881966666668,0.25761217333333336,0.3330528861129133,0.01673531055375349,0.2,0.25,0.6025229435266686,0.22853519333333358,0.2767939033333334
pair2_llama32_same,twowikimqa,ReKV,200,0.415,0.40148981499999997,0.395,0.019999999999999962,0.35,0.4,0.5863683277089803,0.3732166499999998,0.42143406500000025
pair2_llama32_same,twowikimqa,ValueNorm/Evict,200,0.415,0.40148981499999997,0.3008636832770898,0.11413631672291019,0.35,0.4,0.5863683277089803,0.3732166499999998,0.42143406500000025
pair2_llama32_same,twowikimqa,Random,200,0.415,0.40148981499999997,0.3105228914698143,0.10447710853018566,0.35,0.4,0.5863683277089803,0.3732166499999998,0.42143406500000025
pair3_qwen25_7b_same,countries,ReKV,200,0.23,0.38494854499999986,0.08465709424422148,0.14534290575577852,0.35,0.4,0.23901444306359634,0.37341961999999973,0.42165488500000037
pair3_qwen25_7b_same,countries,ValueNorm/Evict,200,0.23,0.38494854499999986,0.10239014443063597,0.12760985556936405,0.35,0.4,0.23901444306359634,0.37341961999999973,0.42165488500000037
pair3_qwen25_7b_same,countries,Random,200,0.23,0.38494854499999986,0.09717043329190789,0.13282956670809212,0.35,0.4,0.23901444306359634,0.37341961999999973,0.42165488500000037
pair3_qwen25_7b_same,hotpotqa,ReKV,500,0.49,0.36186102599999986,0.5000366540286332,-0.010036654028633185,0.3,0.35,0.7672775671438852,0.32497537999999954,0.37304878599999963
pair3_qwen25_7b_same,hotpotqa,ValueNorm/Evict,500,0.49,0.36186102599999986,0.5847785399686475,-0.09477853996864749,0.3,0.35,0.7672775671438852,0.32497537999999954,0.37304878599999963
pair3_qwen25_7b_same,hotpotqa,Random,500,0.49,0.36186102599999986,0.4046403194314964,0.08535968056850357,0.3,0.35,0.7672775671438852,0.32497537999999954,0.37304878599999963
pair3_qwen25_7b_same,multifieldqa_en,ReKV,150,0.41333333333333333,0.33988730000000017,0.4774491602309379,-0.06411582689760459,0.3,0.35,0.3086870173203446,0.3250012266666666,0.37322506666666677
pair3_qwen25_7b_same,multifieldqa_en,ValueNorm/Evict,150,0.41333333333333333,0.33988730000000017,0.32460875321786437,0.08872458011546897,0.3,0.35,0.3086870173203446,0.3250012266666666,0.37322506666666677
pair3_qwen25_7b_same,multifieldqa_en,Random,150,0.41333333333333333,0.33988730000000017,0.3041158268976046,0.10921750643572875,0.3,0.35,0.3086870173203446,0.3250012266666666,0.37322506666666677
pair3_qwen25_7b_same,musique,ReKV,500,0.234,0.3209176740000004,0.28449795209520157,-0.050497952095201554,0.25,0.3,0.9166179070286092,0.2767344580000001,0.32493689399999987
pair3_qwen25_7b_same,musique,ValueNorm/Evict,500,0.234,0.3209176740000004,0.32599765953737325,-0.09199765953737324,0.25,0.3,0.9166179070286092,0.2767344580000001,0.32493689399999987
pair3_qwen25_7b_same,musique,Random,500,0.234,0.3209176740000004,0.17449795209520158,0.05950204790479843,0.25,0.3,0.9166179070286092,0.2767344580000001,0.32493689399999987
pair3_qwen25_7b_same,qasper,ReKV,500,0.236,0.35022945199999994,0.2781864466693242,-0.042186446669324196,0.3,0.35,0.5233058336655225,0.3249975599999999,0.37321389999999943
pair3_qwen25_7b_same,qasper,ValueNorm/Evict,500,0.236,0.35022945199999994,0.28255934000797256,-0.04655934000797257,0.3,0.35,0.5233058336655225,0.3249975599999999,0.37321389999999943
pair3_qwen25_7b_same,qasper,Random,500,0.236,0.35022945199999994,0.2049322333466209,0.031067766653379097,0.3,0.35,0.5233058336655225,0.3249975599999999,0.37321389999999943
pair3_qwen25_7b_same,tipsheets,ReKV,500,0.87,0.37128636200000026,0.9076391405791622,-0.03763914057916218,0.3,0.35,0.9639140579162093,0.32485899799999945,0.3730244579999994
pair3_qwen25_7b_same,tipsheets,ValueNorm/Evict,500,0.87,0.37128636200000026,0.6579791872433077,0.21202081275669227,0.3,0.35,0.9639140579162093,0.32485899799999945,0.3730244579999994
pair3_qwen25_7b_same,tipsheets,Random,500,0.87,0.37128636200000026,0.7329895936216538,0.13701040637834616,0.3,0.35,0.9639140579162093,0.32485899799999945,0.3730244579999994
pair3_qwen25_7b_same,tmath,ReKV,300,0.3040080766666669,0.3630525066666668,0.3086044547737294,-0.004596378107062482,0.3,0.35,0.7869380743152545,0.32515451333333334,0.3733133133333333
pair3_qwen25_7b_same,tmath,ValueNorm/Evict,300,0.3040080766666669,0.3630525066666668,0.3090666113807526,-0.005058534714085683,0.3,0.35,0.7869380743152545,0.32515451333333334,0.3733133133333333
pair3_qwen25_7b_same,tmath,Random,300,0.3040080766666669,0.3630525066666668,0.3090166920378527,-0.005008615371185798,0.3,0.35,0.7869380743152545,0.32515451333333334,0.3733133133333333
pair3_qwen25_7b_same,twowikimqa,ReKV,200,0.405,0.31823836499999986,0.465090110565467,-0.06009011056546698,0.25,0.3,0.8597174447276297,0.2767895300000001,0.32500169000000023
pair3_qwen25_7b_same,twowikimqa,ValueNorm/Evict,200,0.405,0.31823836499999986,0.3378056511054474,0.06719434889455261,0.25,0.3,0.8597174447276297,0.2767895300000001,0.32500169000000023
pair3_qwen25_7b_same,twowikimqa,Random,200,0.405,0.31823836499999986,0.3107014127763619,0.09429858722363815,0.25,0.3,0.8597174447276297,0.2767895300000001,0.32500169000000023
pair4_falcon3_7b_same,countries,ReKV,200,0.25,0.43569405999999977,0.3251660808254205,-0.07516608082542048,0.4,0.5,0.1444388650040044,0.42175353500000073,0.5182685900000006
pair4_falcon3_7b_same,countries,ValueNorm/Evict,200,0.25,0.43569405999999977,0.17722194325020024,0.07277805674979976,0.4,0.5,0.1444388650040044,0.42175353500000073,0.5182685900000006
pair4_falcon3_7b_same,countries,Random,200,0.25,0.43569405999999977,0.09938852622526029,0.1506114737747397,0.4,0.5,0.1444388650040044,0.42175353500000073,0.5182685900000006
pair4_falcon3_7b_same,hotpotqa,ReKV,500,0.426,0.3392620719999996,0.45657458331052,-0.030574583310519987,0.3,0.35,0.2937384252922222,0.32520604799999964,0.37305822799999955
pair4_falcon3_7b_same,hotpotqa,ValueNorm/Evict,500,0.426,0.3392620719999996,0.38762430551753335,0.03837569448246664,0.3,0.35,0.2937384252922222,0.32520604799999964,0.37305822799999955
pair4_falcon3_7b_same,hotpotqa,Random,500,0.426,0.3392620719999996,0.32328729165526,0.10271270834474,0.3,0.35,0.2937384252922222,0.32520604799999964,0.37305822799999955
pair4_falcon3_7b_same,multifieldqa_en,ReKV,150,0.26666666666666666,0.15248373333333334,0.32666666666666666,-0.06,0.1,0.15,0.42186695235044747,0.13214869999999987,0.18035118000000006
pair4_falcon3_7b_same,multifieldqa_en,ValueNorm/Evict,150,0.26666666666666666,0.15248373333333334,0.24354134476068456,0.0231253219059821,0.1,0.15,0.42186695235044747,0.13214869999999987,0.18035118000000006
pair4_falcon3_7b_same,multifieldqa_en,Random,150,0.26666666666666666,0.15248373333333334,0.21406223174501493,0.05260443492165173,0.1,0.15,0.42186695235044747,0.13214869999999987,0.18035118000000006
pair4_falcon3_7b_same,musique,ReKV,500,0.256,0.2592135399999999,0.262304919985425,-0.006304919985424984,0.2,0.25,0.6345287495445305,0.22864814800000036,0.27681837199999976
pair4_falcon3_7b_same,musique,ValueNorm/Evict,500,0.256,0.2592135399999999,0.18757397748451404,0.06842602251548596,0.2,0.25,0.6345287495445305,0.22864814800000036,0.27681837199999976
pair4_falcon3_7b_same,musique,Random,500,0.256,0.2592135399999999,0.1028430349836031,0.15315696501639692,0.2,0.25,0.6345287495445305,0.22864814800000036,0.27681837199999976
pair4_falcon3_7b_same,qasper,ReKV,500,0.146,0.21430740199999987,0.19689742706738583,-0.05089742706738584,0.15,0.2,0.7040594611410765,0.18036504600000003,0.2285745480000003
pair4_falcon3_7b_same,qasper,ValueNorm/Evict,500,0.146,0.21430740199999987,0.07363247568912862,0.07236752431087137,0.15,0.2,0.7040594611410765,0.18036504600000003,0.2285745480000003
pair4_falcon3_7b_same,qasper,Random,500,0.146,0.21430740199999987,0.06704059461141076,0.07895940538858923,0.15,0.2,0.7040594611410765,0.18036504600000003,0.2285745480000003
pair4_falcon3_7b_same,tipsheets,ReKV,500,0.818,0.3280979540000002,0.6802971406110032,0.13770285938899673,0.3,0.35,0.0642565368469707,0.32501553399999955,0.37298606199999956
pair4_falcon3_7b_same,tipsheets,ValueNorm/Evict,500,0.818,0.3280979540000002,0.6491405229477577,0.16885947705224225,0.3,0.35,0.0642565368469707,0.32501553399999955,0.37298606199999956
pair4_falcon3_7b_same,tipsheets,Random,500,0.818,0.3280979540000002,0.6620401144636153,0.15595988553638462,0.3,0.35,0.0642565368469707,0.32501553399999955,0.37298606199999956
pair4_falcon3_7b_same,tmath,ReKV,300,0.2966910866666668,0.2963569766666667,0.2944173387289162,0.0022737479377506475,0.25,0.3,0.4029479720601997,0.2769568799999999,0.32510229333333335
pair4_falcon3_7b_same,tmath,ValueNorm/Evict,300,0.2966910866666668,0.2963569766666667,0.2904370227375131,0.00625406392915373,0.25,0.3,0.4029479720601997,0.2769568799999999,0.32510229333333335
pair4_falcon3_7b_same,tmath,Random,300,0.2966910866666668,0.2963569766666667,0.2918391819591151,0.004851904707551702,0.25,0.3,0.4029479720601997,0.2769568799999999,0.32510229333333335
pair4_falcon3_7b_same,twowikimqa,ReKV,200,0.31,0.14895055500000004,0.3319721821628888,-0.02197218216288882,0.1,0.15,0.348609108144441,0.1321405749999999,0.18036071500000006
pair4_falcon3_7b_same,twowikimqa,ValueNorm/Evict,200,0.31,0.14895055500000004,0.28197218216288883,0.02802781783711117,0.1,0.15,0.348609108144441,0.1321405749999999,0.18036071500000006
pair4_falcon3_7b_same,twowikimqa,Random,200,0.31,0.14895055500000004,0.2317430455407222,0.0782569544592778,0.1,0.15,0.348609108144441,0.1321405749999999,0.18036071500000006
pair5_evolcodellama_toolace,countries,ReKV,200,0.27,0.29510624999999996,0.26512901341813755,0.004870986581862469,0.25,0.3,0.43041447740196503,0.2736311349999994,0.32352516999999986
pair5_evolcodellama_toolace,countries,ValueNorm/Evict,200,0.27,0.29510624999999996,0.2244331581921572,0.04556684180784282,0.25,0.3,0.43041447740196503,0.2736311349999994,0.32352516999999986
pair5_evolcodellama_toolace,countries,Random,200,0.27,0.29510624999999996,0.030064506709068777,0.23993549329093125,0.25,0.3,0.43041447740196503,0.2736311349999994,0.32352516999999986
pair5_evolcodellama_toolace,hotpotqa,ReKV,500,0.41,0.28858004399999987,0.454794041893025,-0.04479404189302505,0.25,0.3,0.30882008604659317,0.2736553139999998,0.3219835499999998
pair5_evolcodellama_toolace,hotpotqa,ValueNorm/Evict,500,0.41,0.28858004399999987,0.3199115649907024,0.09008843500929758,0.25,0.3,0.30882008604659317,0.2736553139999998,0.3219835499999998
pair5_evolcodellama_toolace,hotpotqa,Random,500,0.41,0.28858004399999987,0.13976448550698195,0.270235514493018,0.25,0.3,0.30882008604659317,0.2736553139999998,0.3219835499999998
pair5_evolcodellama_toolace,multifieldqa_en,ReKV,150,0.54,0.35942132666666665,0.5140085454416329,0.025991454558367155,0.3,0.35,0.7753204540612336,0.3218667266666666,0.37030424666666656
pair5_evolcodellama_toolace,multifieldqa_en,ValueNorm/Evict,150,0.54,0.35942132666666665,0.33265812122503374,0.2073418787749663,0.3,0.35,0.7753204540612336,0.3218667266666666,0.37030424666666656
pair5_evolcodellama_toolace,multifieldqa_en,Random,150,0.54,0.35942132666666665,0.4280170908832658,0.11198290911673425,0.3,0.35,0.7753204540612336,0.3218667266666666,0.37030424666666656
pair5_evolcodellama_toolace,musique,ReKV,500,0.25,0.3020290919999999,0.26936396695572007,-0.01936396695572007,0.25,0.3,0.5909218059892318,0.2734137259999997,0.32183868800000015
pair5_evolcodellama_toolace,musique,ValueNorm/Evict,500,0.25,0.3020290919999999,0.1484550286275908,0.1015449713724092,0.25,0.3,0.5909218059892318,0.2734137259999997,0.32183868800000015
pair5_evolcodellama_toolace,musique,Random,500,0.25,0.3020290919999999,0.08327318501561234,0.16672681498438766,0.25,0.3,0.5909218059892318,0.2734137259999997,0.32183868800000015
pair5_evolcodellama_toolace,qasper,ReKV,500,0.222,0.38363950800000024,0.20770676660686038,0.01429323339313962,0.35,0.4,0.27524166453072796,0.3703066080000003,0.418747311999999
pair5_evolcodellama_toolace,qasper,ValueNorm/Evict,500,0.222,0.38363950800000024,0.16825724993592184,0.053742750064078165,0.35,0.4,0.27524166453072796,0.3703066080000003,0.418747311999999
pair5_evolcodellama_toolace,qasper,Random,500,0.222,0.38363950800000024,0.12335821659404475,0.09864178340595525,0.35,0.4,0.27524166453072796,0.3703066080000003,0.418747311999999
pair5_evolcodellama_toolace,tipsheets,ReKV,500,0.824,0.28952167600000006,0.689160975443289,0.13483902455671093,0.25,0.3,0.33200750340991525,0.2734495499999996,0.321858474
pair5_evolcodellama_toolace,tipsheets,ValueNorm/Evict,500,0.824,0.28952167600000006,0.6318886302864328,0.19211136971356713,0.25,0.3,0.33200750340991525,0.2734495499999996,0.321858474
pair5_evolcodellama_toolace,tipsheets,Random,500,0.824,0.28952167600000006,0.6006242401091173,0.22337575989088265,0.25,0.3,0.33200750340991525,0.2734495499999996,0.321858474
pair5_evolcodellama_toolace,tmath,ReKV,300,0.3561504766666666,0.2803039199999999,0.3534620160602191,0.002688460606447507,0.25,0.3,0.14172701893064607,0.273445753333333,0.321835726666667
pair5_evolcodellama_toolace,tmath,ValueNorm/Evict,300,0.3561504766666666,0.2803039199999999,0.33824454704172696,0.017905929624939643,0.25,0.3,0.14172701893064607,0.273445753333333,0.321835726666667
pair5_evolcodellama_toolace,tmath,Random,300,0.3561504766666666,0.2803039199999999,0.33599654955580327,0.020153927110863334,0.25,0.3,0.14172701893064607,0.273445753333333,0.321835726666667
pair5_evolcodellama_toolace,twowikimqa,ReKV,200,0.335,0.37488859999999996,0.3590558125487453,-0.02405581254874528,0.35,0.4,0.09441874512546754,0.3703149049999999,0.4187554450000002
pair5_evolcodellama_toolace,twowikimqa,ValueNorm/Evict,200,0.335,0.37488859999999996,0.28424884353064606,0.050751156469353964,0.35,0.4,0.09441874512546754,0.3703149049999999,0.4187554450000002
pair5_evolcodellama_toolace,twowikimqa,Random,200,0.335,0.37488859999999996,0.24047209372562733,0.09452790627437269,0.35,0.4,0.09441874512546754,0.3703149049999999,0.4187554450000002
pair6_llama32_abliterated_deepseek3b,countries,ReKV,200,0.515,0.35294440500000007,0.41933205050415295,0.09566794949584706,0.3,0.35,0.528185392371584,0.3308946349999999,0.3726409050000001
pair6_llama32_abliterated_deepseek3b,countries,ValueNorm/Evict,200,0.515,0.35294440500000007,0.3732046348092896,0.1417953651907104,0.3,0.35,0.528185392371584,0.3308946349999999,0.3726409050000001
pair6_llama32_abliterated_deepseek3b,countries,Random,200,0.515,0.35294440500000007,0.38292278088557374,0.13207721911442627,0.3,0.35,0.528185392371584,0.3308946349999999,0.3726409050000001
pair6_llama32_abliterated_deepseek3b,hotpotqa,ReKV,500,0.484,0.2530156239999998,0.5312472560492151,-0.04724725604921509,0.2,0.25,0.5053751315046751,0.22860956400000024,0.2769025219999998
pair6_llama32_abliterated_deepseek3b,hotpotqa,ValueNorm/Evict,500,0.484,0.2530156239999998,0.4265160126244488,0.05748398737555116,0.2,0.25,0.5053751315046751,0.22860956400000024,0.2769025219999998
pair6_llama32_abliterated_deepseek3b,hotpotqa,Random,500,0.484,0.2530156239999998,0.3361935047341683,0.14780649526583167,0.2,0.25,0.5053751315046751,0.22860956400000024,0.2769025219999998
pair6_llama32_abliterated_deepseek3b,multifieldqa_en,ReKV,150,0.5066666666666667,0.3948470466666666,0.5043586199462705,0.002308046720396195,0.35,0.4,0.44873566935314135,0.3731993199999999,0.42144092000000033
pair6_llama32_abliterated_deepseek3b,multifieldqa_en,ValueNorm/Evict,150,0.5066666666666667,0.3948470466666666,0.39359080682785513,0.11307585983881158,0.35,0.4,0.44873566935314135,0.3731993199999999,0.42144092000000033
pair6_llama32_abliterated_deepseek3b,multifieldqa_en,Random,150,0.5066666666666667,0.3948470466666666,0.40367509553764575,0.10299157112902096,0.35,0.4,0.44873566935314135,0.3731993199999999,0.42144092000000033
pair6_llama32_abliterated_deepseek3b,musique,ReKV,500,0.314,0.2518589280000003,0.28772005962080144,0.026279940379198563,0.2,0.25,0.48250372630009103,0.22863367000000023,0.27676854799999984
pair6_llama32_abliterated_deepseek3b,musique,ValueNorm/Evict,500,0.314,0.2518589280000003,0.20254509688380237,0.11145490311619763,0.2,0.25,0.48250372630009103,0.22863367000000023,0.27676854799999984
pair6_llama32_abliterated_deepseek3b,musique,Random,500,0.314,0.2518589280000003,0.14151010433640254,0.17248989566359746,0.2,0.25,0.48250372630009103,0.22863367000000023,0.27676854799999984
pair6_llama32_abliterated_deepseek3b,qasper,ReKV,500,0.302,0.40393804800000005,0.2978237282710673,0.004176271728932701,0.35,0.4,0.6372880451778858,0.3732115859999999,0.421425987999999
pair6_llama32_abliterated_deepseek3b,qasper,ValueNorm/Evict,500,0.302,0.40393804800000005,0.24056948917462503,0.06143051082537496,0.35,0.4,0.6372880451778858,0.3732115859999999,0.421425987999999
pair6_llama32_abliterated_deepseek3b,qasper,Random,500,0.302,0.40393804800000005,0.25562711954822115,0.04637288045177884,0.35,0.4,0.6372880451778858,0.3732115859999999,0.421425987999999
pair6_llama32_abliterated_deepseek3b,tipsheets,ReKV,500,0.43,0.23698031599999972,0.40153921255602604,0.028460787443973956,0.2,0.25,0.17310039237581262,0.22869410200000034,0.276563514
pair6_llama32_abliterated_deepseek3b,tipsheets,ValueNorm/Evict,500,0.43,0.23698031599999972,0.377078425112052,0.05292157488794802,0.2,0.25,0.17310039237581262,0.22869410200000034,0.276563514
pair6_llama32_abliterated_deepseek3b,tipsheets,Random,500,0.43,0.23698031599999972,0.37573100392375813,0.05426899607624186,0.2,0.25,0.17310039237581262,0.22869410200000034,0.276563514
pair6_llama32_abliterated_deepseek3b,tmath,ReKV,300,0.3260990933333333,0.25106460999999997,0.3232457941193279,0.0028532992140054003,0.2,0.25,0.46654890154314765,0.228527876666667,0.27683306666666685
pair6_llama32_abliterated_deepseek3b,tmath,ValueNorm/Evict,300,0.3260990933333333,0.25106460999999997,0.32931711301014444,-0.0032180196768111236,0.2,0.25,0.46654890154314765,0.228527876666667,0.27683306666666685
pair6_llama32_abliterated_deepseek3b,tmath,Random,300,0.3260990933333333,0.25106460999999997,0.3238891202027039,0.002209973130629428,0.2,0.25,0.46654890154314765,0.228527876666667,0.27683306666666685
pair6_llama32_abliterated_deepseek3b,twowikimqa,ReKV,200,0.395,0.39988733500000007,0.3977660944986922,-0.0027660944986921954,0.35,0.4,0.5532188997384336,0.3732073549999997,0.4214341600000004
pair6_llama32_abliterated_deepseek3b,twowikimqa,ValueNorm/Evict,200,0.395,0.39988733500000007,0.32106437799476867,0.07393562200523135,0.35,0.4,0.5532188997384336,0.3732073549999997,0.4214341600000004
pair6_llama32_abliterated_deepseek3b,twowikimqa,Random,200,0.395,0.39988733500000007,0.33212875598953734,0.06287124401046268,0.35,0.4,0.5532188997384336,0.3732073549999997,0.4214341600000004
pair7_qwen25_uncensored_bespoke,countries,ReKV,200,0.485,0.4008138700000001,0.4124722907607122,0.07252770923928781,0.35,0.4,0.5679299160064745,0.37341961999999973,0.42165488500000037
pair7_qwen25_uncensored_bespoke,countries,ValueNorm/Evict,200,0.485,0.4008138700000001,0.005,0.48,0.35,0.4,0.5679299160064745,0.37341961999999973,0.42165488500000037
pair7_qwen25_uncensored_bespoke,countries,Random,200,0.485,0.4008138700000001,0.09567929916006475,0.38932070083993525,0.35,0.4,0.5679299160064745,0.37341961999999973,0.42165488500000037
pair7_qwen25_uncensored_bespoke,hotpotqa,ReKV,500,0.352,0.38534502800000026,0.38461656351772694,-0.03261656351772696,0.35,0.4,0.25448321222026604,0.37304878599999963,0.4213672659999994
pair7_qwen25_uncensored_bespoke,hotpotqa,ValueNorm/Evict,500,0.352,0.38534502800000026,0.1693407241287402,0.18265927587125977,0.35,0.4,0.25448321222026604,0.37304878599999963,0.4213672659999994
pair7_qwen25_uncensored_bespoke,hotpotqa,Random,500,0.352,0.38534502800000026,0.14614346279104853,0.20585653720895145,0.35,0.4,0.25448321222026604,0.37304878599999963,0.4213672659999994
pair7_qwen25_uncensored_bespoke,multifieldqa_en,ReKV,150,0.31333333333333335,0.35847211333333345,0.3892543125742141,-0.07592097924088076,0.3,0.35,0.694073443066059,0.3250012266666666,0.37322506666666677
pair7_qwen25_uncensored_bespoke,multifieldqa_en,ValueNorm/Evict,150,0.31333333333333335,0.35847211333333345,0.09442960438930903,0.21890372894402432,0.3,0.35,0.694073443066059,0.3250012266666666,0.37322506666666677
pair7_qwen25_uncensored_bespoke,multifieldqa_en,Random,150,0.31333333333333335,0.35847211333333345,0.15646911476886863,0.15686421856446472,0.3,0.35,0.694073443066059,0.3250012266666666,0.37322506666666677
pair7_qwen25_uncensored_bespoke,musique,ReKV,500,0.224,0.34411705199999976,0.24270467752001407,-0.018704677520014062,0.3,0.35,0.3977304171431916,0.32493689399999987,0.37316090999999973
pair7_qwen25_uncensored_bespoke,musique,ValueNorm/Evict,500,0.224,0.34411705199999976,0.15393191251429572,0.07006808748570428,0.3,0.35,0.3977304171431916,0.32493689399999987,0.37316090999999973
pair7_qwen25_uncensored_bespoke,musique,Random,500,0.224,0.34411705199999976,0.09438638250285915,0.12961361749714084,0.3,0.35,0.3977304171431916,0.32493689399999987,0.37316090999999973
pair7_qwen25_uncensored_bespoke,qasper,ReKV,500,0.172,0.36837178999999987,0.19539745198411995,-0.023397451984119966,0.3,0.35,0.8995753306866591,0.3249975599999999,0.37321389999999943
pair7_qwen25_uncensored_bespoke,qasper,ValueNorm/Evict,500,0.172,0.36837178999999987,0.06639320529098655,0.10560679470901344,0.3,0.35,0.8995753306866591,0.3249975599999999,0.37321389999999943
pair7_qwen25_uncensored_bespoke,qasper,Random,500,0.172,0.36837178999999987,0.0730042466931334,0.09899575330686658,0.3,0.35,0.8995753306866591,0.3249975599999999,0.37321389999999943
pair7_qwen25_uncensored_bespoke,tipsheets,ReKV,500,0.916,0.39804663599999973,0.9051050448740445,0.010894955125955508,0.35,0.4,0.5175074790074097,0.3730244579999994,0.42137579399999964
pair7_qwen25_uncensored_bespoke,tipsheets,ValueNorm/Evict,500,0.916,0.39804663599999973,0.0019299700839703615,0.9140700299160297,0.35,0.4,0.5175074790074097,0.3730244579999994,0.42137579399999964
pair7_qwen25_uncensored_bespoke,tipsheets,Random,500,0.916,0.39804663599999973,0.1071750747900741,0.808824925209926,0.35,0.4,0.5175074790074097,0.3730244579999994,0.42137579399999964
pair7_qwen25_uncensored_bespoke,tmath,ReKV,300,0.32942261333333334,0.39069366666666683,0.33091778830264185,-0.0014951749693085103,0.35,0.4,0.3619619968455658,0.3733133133333333,0.42133038000000056
pair7_qwen25_uncensored_bespoke,tmath,ValueNorm/Evict,300,0.32942261333333334,0.39069366666666683,0.32866676703790004,0.0007558462954332934,0.35,0.4,0.3619619968455658,0.3733133133333333,0.42133038000000056
pair7_qwen25_uncensored_bespoke,tmath,Random,300,0.32942261333333334,0.39069366666666683,0.3307033881018434,-0.0012807747685100734,0.35,0.4,0.3619619968455658,0.3733133133333333,0.42133038000000056
pair7_qwen25_uncensored_bespoke,twowikimqa,ReKV,200,0.17,0.3416963749999999,0.16365739138930321,0.006342608610696798,0.3,0.35,0.34629565557212894,0.32500169000000023,0.3732110300000002
pair7_qwen25_uncensored_bespoke,twowikimqa,ValueNorm/Evict,200,0.17,0.3416963749999999,0.050194434833581936,0.11980556516641808,0.3,0.35,0.34629565557212894,0.32500169000000023,0.3732110300000002
pair7_qwen25_uncensored_bespoke,twowikimqa,Random,200,0.17,0.3416963749999999,0.04173147827786065,0.12826852172213937,0.3,0.35,0.34629565557212894,0.32500169000000023,0.3732110300000002
