pair,pair_label,task,method,config,n,score,budget,protocol_version,source_rank,run_dir
pair6,S: Llama-3.2-3B Abl.; R: DeepSeek-Llama-3B,hotpotqa_full,B-ReKV,t0.95-s0.75-w8,7405,0.5319378798109385,0.25401993571910925,query_sketch_bf16_v1,2,snapshots/table6_pair6_query_sketch_llama32_abliterated_deepseek3b/hotpotqa_full/coverage_main/cov_t0.95_s0.75_w8_0714_0022
pair6,S: Llama-3.2-3B Abl.; R: DeepSeek-Llama-3B,hotpotqa_full,ReKV,w16-r0.3,7405,0.6217420661715057,0.32502541850101413,query_sketch_bf16_v1,2,snapshots/table6_pair6_query_sketch_llama32_abliterated_deepseek3b/hotpotqa_full/mtc_receiver/recv_w16_r0.3_0713_2258
pair6,S: Llama-3.2-3B Abl.; R: DeepSeek-Llama-3B,hotpotqa_full,ReKV,w16-r0.5,7405,0.7208642808912896,0.5178237266711352,query_sketch_bf16_v1,2,snapshots/table6_pair6_query_sketch_llama32_abliterated_deepseek3b/hotpotqa_full/mtc_receiver/recv_w16_r0.5_0713_2326
pair6,S: Llama-3.2-3B Abl.; R: DeepSeek-Llama-3B,hotpotqa_full,ReKV,w16-r0.7,7405,0.7536799459824443,0.710534212424029,query_sketch_bf16_v1,2,snapshots/table6_pair6_query_sketch_llama32_abliterated_deepseek3b/hotpotqa_full/mtc_receiver/recv_w16_r0.7_0713_2354
pair6,S: Llama-3.2-3B Abl.; R: DeepSeek-Llama-3B,hotpotqa_full,ReKV,w8-r0.3,7405,0.6437542201215395,0.32502541850101413,query_sketch_bf16_v1,2,snapshots/table6_pair6_query_sketch_llama32_abliterated_deepseek3b/hotpotqa_full/mtc_receiver/recv_w8_r0.3_0713_2134
pair6,S: Llama-3.2-3B Abl.; R: DeepSeek-Llama-3B,hotpotqa_full,ReKV,w8-r0.5,7405,0.724780553679946,0.5178237266711352,query_sketch_bf16_v1,2,snapshots/table6_pair6_query_sketch_llama32_abliterated_deepseek3b/hotpotqa_full/mtc_receiver/recv_w8_r0.5_0713_2205
pair6,S: Llama-3.2-3B Abl.; R: DeepSeek-Llama-3B,hotpotqa_full,ReKV,w8-r0.7,7405,0.7540850776502364,0.710534212424029,query_sketch_bf16_v1,2,snapshots/table6_pair6_query_sketch_llama32_abliterated_deepseek3b/hotpotqa_full/mtc_receiver/recv_w8_r0.7_0713_2230
pair6,S: Llama-3.2-3B Abl.; R: DeepSeek-Llama-3B,musique_full,B-ReKV,t0.95-s0.75-w8,2417,0.33098882912701694,0.25439453992552713,query_sketch_bf16_v1,2,snapshots/table6_pair6_query_sketch_llama32_abliterated_deepseek3b/musique_full/coverage_main/cov_t0.95_s0.75_w8_0713_1703
pair6,S: Llama-3.2-3B Abl.; R: DeepSeek-Llama-3B,musique_full,ReKV,w16-r0.3,2417,0.33429871741828715,0.3249966115018625,query_sketch_bf16_v1,2,snapshots/table6_pair6_query_sketch_llama32_abliterated_deepseek3b/musique_full/mtc_receiver/recv_w16_r0.3_0713_1632
pair6,S: Llama-3.2-3B Abl.; R: DeepSeek-Llama-3B,musique_full,ReKV,w16-r0.5,2417,0.39553165080678526,0.5178442114191278,query_sketch_bf16_v1,2,snapshots/table6_pair6_query_sketch_llama32_abliterated_deepseek3b/musique_full/mtc_receiver/recv_w16_r0.5_0713_1643
pair6,S: Llama-3.2-3B Abl.; R: DeepSeek-Llama-3B,musique_full,ReKV,w16-r0.7,2417,0.42490690939180803,0.7106752594124991,query_sketch_bf16_v1,2,snapshots/table6_pair6_query_sketch_llama32_abliterated_deepseek3b/musique_full/mtc_receiver/recv_w16_r0.7_0713_1653
pair6,S: Llama-3.2-3B Abl.; R: DeepSeek-Llama-3B,musique_full,ReKV,w8-r0.3,2417,0.3690525444766239,0.3249966115018625,query_sketch_bf16_v1,2,snapshots/table6_pair6_query_sketch_llama32_abliterated_deepseek3b/musique_full/mtc_receiver/recv_w8_r0.3_0713_1600
pair6,S: Llama-3.2-3B Abl.; R: DeepSeek-Llama-3B,musique_full,ReKV,w8-r0.5,2417,0.41042614811750106,0.5178442114191278,query_sketch_bf16_v1,2,snapshots/table6_pair6_query_sketch_llama32_abliterated_deepseek3b/musique_full/mtc_receiver/recv_w8_r0.5_0713_1611
pair6,S: Llama-3.2-3B Abl.; R: DeepSeek-Llama-3B,musique_full,ReKV,w8-r0.7,2417,0.4298717418287133,0.7106752594124991,query_sketch_bf16_v1,2,snapshots/table6_pair6_query_sketch_llama32_abliterated_deepseek3b/musique_full/mtc_receiver/recv_w8_r0.7_0713_1621
pair6,S: Llama-3.2-3B Abl.; R: DeepSeek-Llama-3B,qasper_full,B-ReKV,t0.95-s0.75-w8,1726,0.3186558516801854,0.4038966877172643,query_sketch_bf16_v1,2,snapshots/table6_pair6_query_sketch_llama32_abliterated_deepseek3b/qasper_full/coverage_main/cov_t0.95_s0.75_w8_0713_1715
pair6,S: Llama-3.2-3B Abl.; R: DeepSeek-Llama-3B,qasper_full,ReKV,w16-r0.3,1726,0.30590961761297797,0.3250010735805313,query_sketch_bf16_v1,2,snapshots/table6_pair6_query_sketch_llama32_abliterated_deepseek3b/qasper_full/mtc_receiver/recv_w16_r0.3_0713_1603
pair6,S: Llama-3.2-3B Abl.; R: DeepSeek-Llama-3B,qasper_full,ReKV,w16-r0.5,1726,0.3325608342989571,0.5178730683661744,query_sketch_bf16_v1,2,snapshots/table6_pair6_query_sketch_llama32_abliterated_deepseek3b/qasper_full/mtc_receiver/recv_w16_r0.5_0713_1626
pair6,S: Llama-3.2-3B Abl.; R: DeepSeek-Llama-3B,qasper_full,ReKV,w16-r0.7,1726,0.3424101969872538,0.7107045799536551,query_sketch_bf16_v1,2,snapshots/table6_pair6_query_sketch_llama32_abliterated_deepseek3b/qasper_full/mtc_receiver/recv_w16_r0.7_0713_1650
pair6,S: Llama-3.2-3B Abl.; R: DeepSeek-Llama-3B,qasper_full,ReKV,w8-r0.3,1726,0.2966396292004635,0.3250010735805313,query_sketch_bf16_v1,2,snapshots/table6_pair6_query_sketch_llama32_abliterated_deepseek3b/qasper_full/mtc_receiver/recv_w8_r0.3_0713_1450
pair6,S: Llama-3.2-3B Abl.; R: DeepSeek-Llama-3B,qasper_full,ReKV,w8-r0.5,1726,0.3348783314020857,0.5178730683661744,query_sketch_bf16_v1,2,snapshots/table6_pair6_query_sketch_llama32_abliterated_deepseek3b/qasper_full/mtc_receiver/recv_w8_r0.5_0713_1513
pair6,S: Llama-3.2-3B Abl.; R: DeepSeek-Llama-3B,qasper_full,ReKV,w8-r0.7,1726,0.34183082271147164,0.7107045799536551,query_sketch_bf16_v1,2,snapshots/table6_pair6_query_sketch_llama32_abliterated_deepseek3b/qasper_full/mtc_receiver/recv_w8_r0.7_0713_1538
pair6,S: Llama-3.2-3B Abl.; R: DeepSeek-Llama-3B,repobench,B-ReKV,t0.95-s0.75-w8,1000,0.3390800000000001,0.1354663979999999,query_sketch_bf16_v1,2,snapshots/table6_pair6_query_sketch_llama32_abliterated_deepseek3b/repobench/coverage_main/cov_t0.95_s0.75_w8_0713_2113
pair6,S: Llama-3.2-3B Abl.; R: DeepSeek-Llama-3B,repobench,ReKV,w16-r0.3,1000,0.3526699999999999,0.3250027659999992,query_sketch_bf16_v1,2,snapshots/table6_pair6_query_sketch_llama32_abliterated_deepseek3b/repobench/mtc_receiver/recv_w16_r0.3_0713_2001
pair6,S: Llama-3.2-3B Abl.; R: DeepSeek-Llama-3B,repobench,ReKV,w16-r0.5,1000,0.3544399999999995,0.5178253409999974,query_sketch_bf16_v1,2,snapshots/table6_pair6_query_sketch_llama32_abliterated_deepseek3b/repobench/mtc_receiver/recv_w16_r0.5_0713_2024
pair6,S: Llama-3.2-3B Abl.; R: DeepSeek-Llama-3B,repobench,ReKV,w16-r0.7,1000,0.34851999999999955,0.7106989470000009,query_sketch_bf16_v1,2,snapshots/table6_pair6_query_sketch_llama32_abliterated_deepseek3b/repobench/mtc_receiver/recv_w16_r0.7_0713_2048
pair6,S: Llama-3.2-3B Abl.; R: DeepSeek-Llama-3B,repobench,ReKV,w8-r0.3,1000,0.35515999999999975,0.3250027659999992,query_sketch_bf16_v1,2,snapshots/table6_pair6_query_sketch_llama32_abliterated_deepseek3b/repobench/mtc_receiver/recv_w8_r0.3_0713_1852
pair6,S: Llama-3.2-3B Abl.; R: DeepSeek-Llama-3B,repobench,ReKV,w8-r0.5,1000,0.3532999999999994,0.5178253409999974,query_sketch_bf16_v1,2,snapshots/table6_pair6_query_sketch_llama32_abliterated_deepseek3b/repobench/mtc_receiver/recv_w8_r0.5_0713_1914
pair6,S: Llama-3.2-3B Abl.; R: DeepSeek-Llama-3B,repobench,ReKV,w8-r0.7,1000,0.3530899999999997,0.7106989470000009,query_sketch_bf16_v1,2,snapshots/table6_pair6_query_sketch_llama32_abliterated_deepseek3b/repobench/mtc_receiver/recv_w8_r0.7_0713_1938
pair6,S: Llama-3.2-3B Abl.; R: DeepSeek-Llama-3B,samsum,B-ReKV,t0.95-s0.75-w8,819,0.24761934920634912,0.2566578876678879,query_sketch_bf16_v1,2,snapshots/table6_pair6_query_sketch_llama32_abliterated_deepseek3b/samsum/coverage_main/cov_t0.95_s0.75_w8_0713_1437
pair6,S: Llama-3.2-3B Abl.; R: DeepSeek-Llama-3B,samsum,ReKV,w16-r0.3,819,0.263448992673992,0.32548433821733735,query_sketch_bf16_v1,2,snapshots/table6_pair6_query_sketch_llama32_abliterated_deepseek3b/samsum/mtc_receiver/recv_w16_r0.3_0713_1402
pair6,S: Llama-3.2-3B Abl.; R: DeepSeek-Llama-3B,samsum,ReKV,w16-r0.5,819,0.2817422136752138,0.5175609877899849,query_sketch_bf16_v1,2,snapshots/table6_pair6_query_sketch_llama32_abliterated_deepseek3b/samsum/mtc_receiver/recv_w16_r0.5_0713_1413
pair6,S: Llama-3.2-3B Abl.; R: DeepSeek-Llama-3B,samsum,ReKV,w16-r0.7,819,0.2880005579975581,0.7104301684981682,query_sketch_bf16_v1,2,snapshots/table6_pair6_query_sketch_llama32_abliterated_deepseek3b/samsum/mtc_receiver/recv_w16_r0.7_0713_1425
pair6,S: Llama-3.2-3B Abl.; R: DeepSeek-Llama-3B,samsum,ReKV,w8-r0.3,819,0.2557999719169716,0.32548433821733735,query_sketch_bf16_v1,2,snapshots/table6_pair6_query_sketch_llama32_abliterated_deepseek3b/samsum/mtc_receiver/recv_w8_r0.3_0713_1327
pair6,S: Llama-3.2-3B Abl.; R: DeepSeek-Llama-3B,samsum,ReKV,w8-r0.5,819,0.2807328547008545,0.5175609877899849,query_sketch_bf16_v1,2,snapshots/table6_pair6_query_sketch_llama32_abliterated_deepseek3b/samsum/mtc_receiver/recv_w8_r0.5_0713_1338
pair6,S: Llama-3.2-3B Abl.; R: DeepSeek-Llama-3B,samsum,ReKV,w8-r0.7,819,0.2818284835164833,0.7104301684981682,query_sketch_bf16_v1,2,snapshots/table6_pair6_query_sketch_llama32_abliterated_deepseek3b/samsum/mtc_receiver/recv_w8_r0.7_0713_1350
pair7,S: Qwen2.5-7B Unc.; R: Bespoke-Stratos-7B,hotpotqa_full,B-ReKV,t0.95-s0.75-w8,7405,0.3951384199864956,0.38579658271438155,query_sketch_bf16_v1,2,snapshots/table6_pair7_query_sketch_qwen25_uncensored_bespoke/hotpotqa_full/coverage_main/cov_t0.95_s0.75_w8_0714_0410
pair7,S: Qwen2.5-7B Unc.; R: Bespoke-Stratos-7B,hotpotqa_full,ReKV,w16-r0.3,7405,0.3535449020931803,0.325030160297094,query_sketch_bf16_v1,2,snapshots/table6_pair7_query_sketch_qwen25_uncensored_bespoke/hotpotqa_full/mtc_receiver/recv_w16_r0.3_0714_0100
pair7,S: Qwen2.5-7B Unc.; R: Bespoke-Stratos-7B,hotpotqa_full,ReKV,w16-r0.5,7405,0.47319378798109385,0.5178910806211677,query_sketch_bf16_v1,2,snapshots/table6_pair7_query_sketch_qwen25_uncensored_bespoke/hotpotqa_full/mtc_receiver/recv_w16_r0.5_0714_0213
pair7,S: Qwen2.5-7B Unc.; R: Bespoke-Stratos-7B,hotpotqa_full,ReKV,w16-r0.7,7405,0.5471978392977718,0.7106055146522534,query_sketch_bf16_v1,2,snapshots/table6_pair7_query_sketch_qwen25_uncensored_bespoke/hotpotqa_full/mtc_receiver/recv_w16_r0.7_0714_0314
pair7,S: Qwen2.5-7B Unc.; R: Bespoke-Stratos-7B,hotpotqa_full,ReKV,w8-r0.3,7405,0.3773126266036462,0.325030160297094,query_sketch_bf16_v1,2,snapshots/table6_pair7_query_sketch_qwen25_uncensored_bespoke/hotpotqa_full/mtc_receiver/recv_w8_r0.3_0713_2158
pair7,S: Qwen2.5-7B Unc.; R: Bespoke-Stratos-7B,hotpotqa_full,ReKV,w8-r0.5,7405,0.4912896691424713,0.5178910806211677,query_sketch_bf16_v1,2,snapshots/table6_pair7_query_sketch_qwen25_uncensored_bespoke/hotpotqa_full/mtc_receiver/recv_w8_r0.5_0713_2307
pair7,S: Qwen2.5-7B Unc.; R: Bespoke-Stratos-7B,hotpotqa_full,ReKV,w8-r0.7,7405,0.5602970965563808,0.7106055146522534,query_sketch_bf16_v1,2,snapshots/table6_pair7_query_sketch_qwen25_uncensored_bespoke/hotpotqa_full/mtc_receiver/recv_w8_r0.7_0714_0007
pair7,S: Qwen2.5-7B Unc.; R: Bespoke-Stratos-7B,musique_full,B-ReKV,t0.95-s0.75-w8,2417,0.23210591642532064,0.34537728961522546,query_sketch_bf16_v1,2,snapshots/table6_pair7_query_sketch_qwen25_uncensored_bespoke/musique_full/coverage_main/cov_t0.95_s0.75_w8_0714_0432
pair7,S: Qwen2.5-7B Unc.; R: Bespoke-Stratos-7B,musique_full,ReKV,w16-r0.3,2417,0.24079437318990485,0.3249689342159717,query_sketch_bf16_v1,2,snapshots/table6_pair7_query_sketch_qwen25_uncensored_bespoke/musique_full/mtc_receiver/recv_w16_r0.3_0714_0311
pair7,S: Qwen2.5-7B Unc.; R: Bespoke-Stratos-7B,musique_full,ReKV,w16-r0.5,2417,0.29788994621431525,0.5178391365329047,query_sketch_bf16_v1,2,snapshots/table6_pair7_query_sketch_qwen25_uncensored_bespoke/musique_full/mtc_receiver/recv_w16_r0.5_0714_0339
pair7,S: Qwen2.5-7B Unc.; R: Bespoke-Stratos-7B,musique_full,ReKV,w16-r0.7,2417,0.34836574265618536,0.7107170409598716,query_sketch_bf16_v1,2,snapshots/table6_pair7_query_sketch_qwen25_uncensored_bespoke/musique_full/mtc_receiver/recv_w16_r0.7_0714_0406
pair7,S: Qwen2.5-7B Unc.; R: Bespoke-Stratos-7B,musique_full,ReKV,w8-r0.3,2417,0.24824162184526272,0.3249689342159717,query_sketch_bf16_v1,2,snapshots/table6_pair7_query_sketch_qwen25_uncensored_bespoke/musique_full/mtc_receiver/recv_w8_r0.3_0714_0151
pair7,S: Qwen2.5-7B Unc.; R: Bespoke-Stratos-7B,musique_full,ReKV,w8-r0.5,2417,0.30368225072403804,0.5178391365329047,query_sketch_bf16_v1,2,snapshots/table6_pair7_query_sketch_qwen25_uncensored_bespoke/musique_full/mtc_receiver/recv_w8_r0.5_0714_0219
pair7,S: Qwen2.5-7B Unc.; R: Bespoke-Stratos-7B,musique_full,ReKV,w8-r0.7,2417,0.36077782374844847,0.7107170409598716,query_sketch_bf16_v1,2,snapshots/table6_pair7_query_sketch_qwen25_uncensored_bespoke/musique_full/mtc_receiver/recv_w8_r0.7_0714_0246
pair7,S: Qwen2.5-7B Unc.; R: Bespoke-Stratos-7B,qasper_full,B-ReKV,t0.95-s0.75-w8,1726,0.17439165701042875,0.3697199716106623,query_sketch_bf16_v1,2,snapshots/table6_pair7_query_sketch_qwen25_uncensored_bespoke/qasper_full/coverage_main/cov_t0.95_s0.75_w8_0714_0052
pair7,S: Qwen2.5-7B Unc.; R: Bespoke-Stratos-7B,qasper_full,ReKV,w16-r0.3,1726,0.18829663962920046,0.3250031251448443,query_sketch_bf16_v1,2,snapshots/table6_pair7_query_sketch_qwen25_uncensored_bespoke/qasper_full/mtc_receiver/recv_w16_r0.3_0713_2156
pair7,S: Qwen2.5-7B Unc.; R: Bespoke-Stratos-7B,qasper_full,ReKV,w16-r0.5,1726,0.22190034762456548,0.5178627346465896,query_sketch_bf16_v1,2,snapshots/table6_pair7_query_sketch_qwen25_uncensored_bespoke/qasper_full/mtc_receiver/recv_w16_r0.5_0713_2251
pair7,S: Qwen2.5-7B Unc.; R: Bespoke-Stratos-7B,qasper_full,ReKV,w16-r0.7,1726,0.23059096176129779,0.7107074212050991,query_sketch_bf16_v1,2,snapshots/table6_pair7_query_sketch_qwen25_uncensored_bespoke/qasper_full/mtc_receiver/recv_w16_r0.7_0713_2349
pair7,S: Qwen2.5-7B Unc.; R: Bespoke-Stratos-7B,qasper_full,ReKV,w8-r0.3,1726,0.18597914252607184,0.3250031251448443,query_sketch_bf16_v1,2,snapshots/table6_pair7_query_sketch_qwen25_uncensored_bespoke/qasper_full/mtc_receiver/recv_w8_r0.3_0713_1859
pair7,S: Qwen2.5-7B Unc.; R: Bespoke-Stratos-7B,qasper_full,ReKV,w8-r0.5,1726,0.22711471610660486,0.5178627346465896,query_sketch_bf16_v1,2,snapshots/table6_pair7_query_sketch_qwen25_uncensored_bespoke/qasper_full/mtc_receiver/recv_w8_r0.5_0713_1954
pair7,S: Qwen2.5-7B Unc.; R: Bespoke-Stratos-7B,qasper_full,ReKV,w8-r0.7,1726,0.23406720741599074,0.7107074212050991,query_sketch_bf16_v1,2,snapshots/table6_pair7_query_sketch_qwen25_uncensored_bespoke/qasper_full/mtc_receiver/recv_w8_r0.7_0713_2053
pair7,S: Qwen2.5-7B Unc.; R: Bespoke-Stratos-7B,repobench,B-ReKV,t0.95-s0.75-w8,1000,0.34044999999999975,0.2360936659999995,query_sketch_bf16_v1,2,snapshots/table6_pair7_query_sketch_qwen25_uncensored_bespoke/repobench/coverage_main/cov_t0.95_s0.75_w8_0713_2036
pair7,S: Qwen2.5-7B Unc.; R: Bespoke-Stratos-7B,repobench,ReKV,w16-r0.3,1000,0.35203999999999985,0.3250191969999995,query_sketch_bf16_v1,2,snapshots/table6_pair7_query_sketch_qwen25_uncensored_bespoke/repobench/mtc_receiver/recv_w16_r0.3_0713_1636
pair7,S: Qwen2.5-7B Unc.; R: Bespoke-Stratos-7B,repobench,ReKV,w16-r0.5,1000,0.3490499999999996,0.517835312999998,query_sketch_bf16_v1,2,snapshots/table6_pair7_query_sketch_qwen25_uncensored_bespoke/repobench/mtc_receiver/recv_w16_r0.5_0713_1755
pair7,S: Qwen2.5-7B Unc.; R: Bespoke-Stratos-7B,repobench,ReKV,w16-r0.7,1000,0.3527699999999999,0.7107030570000006,query_sketch_bf16_v1,2,snapshots/table6_pair7_query_sketch_qwen25_uncensored_bespoke/repobench/mtc_receiver/recv_w16_r0.7_0713_1915
pair7,S: Qwen2.5-7B Unc.; R: Bespoke-Stratos-7B,repobench,ReKV,w8-r0.3,1000,0.34578999999999943,0.3250191969999995,query_sketch_bf16_v1,2,snapshots/table6_pair7_query_sketch_qwen25_uncensored_bespoke/repobench/mtc_receiver/recv_w8_r0.3_0713_1233
pair7,S: Qwen2.5-7B Unc.; R: Bespoke-Stratos-7B,repobench,ReKV,w8-r0.5,1000,0.3525199999999998,0.517835312999998,query_sketch_bf16_v1,2,snapshots/table6_pair7_query_sketch_qwen25_uncensored_bespoke/repobench/mtc_receiver/recv_w8_r0.5_0713_1353
pair7,S: Qwen2.5-7B Unc.; R: Bespoke-Stratos-7B,repobench,ReKV,w8-r0.7,1000,0.34854,0.7107030570000006,query_sketch_bf16_v1,2,snapshots/table6_pair7_query_sketch_qwen25_uncensored_bespoke/repobench/mtc_receiver/recv_w8_r0.7_0713_1514
pair7,S: Qwen2.5-7B Unc.; R: Bespoke-Stratos-7B,samsum,B-ReKV,t0.95-s0.75-w8,819,0.30726990964590983,0.4007265824175827,query_sketch_bf16_v1,2,snapshots/table6_pair7_query_sketch_qwen25_uncensored_bespoke/samsum/coverage_main/cov_t0.95_s0.75_w8_0713_1842
pair7,S: Qwen2.5-7B Unc.; R: Bespoke-Stratos-7B,samsum,ReKV,w16-r0.3,819,0.31431185714285753,0.32502339560439497,query_sketch_bf16_v1,2,snapshots/table6_pair7_query_sketch_qwen25_uncensored_bespoke/samsum/mtc_receiver/recv_w16_r0.3_0713_1753
pair7,S: Qwen2.5-7B Unc.; R: Bespoke-Stratos-7B,samsum,ReKV,w16-r0.5,819,0.3345314395604396,0.5177544761904742,query_sketch_bf16_v1,2,snapshots/table6_pair7_query_sketch_qwen25_uncensored_bespoke/samsum/mtc_receiver/recv_w16_r0.5_0713_1810
pair7,S: Qwen2.5-7B Unc.; R: Bespoke-Stratos-7B,samsum,ReKV,w16-r0.7,819,0.3381413076923085,0.710504377289376,query_sketch_bf16_v1,2,snapshots/table6_pair7_query_sketch_qwen25_uncensored_bespoke/samsum/mtc_receiver/recv_w16_r0.7_0713_1827
pair7,S: Qwen2.5-7B Unc.; R: Bespoke-Stratos-7B,samsum,ReKV,w8-r0.3,819,0.30032597924297927,0.32502339560439497,query_sketch_bf16_v1,2,snapshots/table6_pair7_query_sketch_qwen25_uncensored_bespoke/samsum/mtc_receiver/recv_w8_r0.3_0713_1707
pair7,S: Qwen2.5-7B Unc.; R: Bespoke-Stratos-7B,samsum,ReKV,w8-r0.5,819,0.3275198498168502,0.5177544761904742,query_sketch_bf16_v1,2,snapshots/table6_pair7_query_sketch_qwen25_uncensored_bespoke/samsum/mtc_receiver/recv_w8_r0.5_0713_1723
pair7,S: Qwen2.5-7B Unc.; R: Bespoke-Stratos-7B,samsum,ReKV,w8-r0.7,819,0.3373285543345545,0.710504377289376,query_sketch_bf16_v1,2,snapshots/table6_pair7_query_sketch_qwen25_uncensored_bespoke/samsum/mtc_receiver/recv_w8_r0.7_0713_1739
