scope,group,n,n_solved,n_unsolved,unsolved_rate,oracle_needed_budget_solved_mean,oracle_needed_budget_capped_mean,brekv_budget_mean,brekv_score_mean
cell,pair1_llama31_same/countries,200,127,73,0.365,0.24291636220472443,0.37773999999999996,0.2943774550000002,0.615
cell,pair1_llama31_same/tipsheets,500,486,14,0.028,0.2490850761316875,0.25928211800000034,0.278143484,0.712
cell,pair1_llama31_same/hotpotqa,500,394,106,0.212,0.22918495685279155,0.31041309000000006,0.2754482219999999,0.56
cell,pair1_llama31_same/qasper,500,207,293,0.586,0.21773665700483094,0.4490716360000009,0.35253970199999995,0.31
cell,pair1_llama31_same/musique,500,293,207,0.414,0.2622277201365186,0.407233188,0.27454659399999964,0.304
cell,pair1_llama31_same/multifieldqa_en,150,99,51,0.34,0.1941827474747475,0.3364051399999999,0.33536828,0.5
cell,pair1_llama31_same/twowikimqa,200,109,91,0.455,0.17301127522935783,0.37297686000000013,0.3396907650000001,0.43
cell,pair1_llama31_same/tmath,300,0,300,1.0,NA,0.612510206666667,0.2648429900000001,0.35593849666666655
cell,pair2_llama32_same/countries,200,122,78,0.39,0.24494927049180323,0.38882795499999995,0.27457085,0.53
cell,pair2_llama32_same/tipsheets,500,420,80,0.16,0.2724016071428575,0.32705232999999984,0.23684930000000012,0.42
cell,pair2_llama32_same/hotpotqa,500,388,112,0.224,0.2379692938144333,0.32223968800000014,0.25603113600000005,0.498
cell,pair2_llama32_same/qasper,500,197,303,0.606,0.2410513908629442,0.4672337339999996,0.4067565699999998,0.316
cell,pair2_llama32_same/musique,500,227,273,0.546,0.27122001762114556,0.4585594259999997,0.26483521600000004,0.232
cell,pair2_llama32_same/multifieldqa_en,150,95,55,0.36666666666666664,0.20218472631578943,0.35328403333333314,0.4014879733333332,0.5066666666666667
cell,pair2_llama32_same/twowikimqa,200,105,95,0.475,0.17944176190476183,0.3859926499999997,0.40148981499999997,0.415
cell,pair2_llama32_same/tmath,300,0,300,1.0,NA,0.6142958833333334,0.25761217333333336,0.3497881966666668
cell,pair3_qwen25_7b_same/countries,200,76,124,0.62,0.45407206578947384,0.5529077850000003,0.38494854499999986,0.23
cell,pair3_qwen25_7b_same/tipsheets,500,492,8,0.016,0.19819146747967495,0.2048650040000001,0.37128636200000026,0.87
cell,pair3_qwen25_7b_same/hotpotqa,500,391,109,0.218,0.2716554373401535,0.3463541479999996,0.36186102599999986,0.49
cell,pair3_qwen25_7b_same/qasper,500,211,289,0.578,0.24022349289099526,0.4564351779999998,0.35022945199999994,0.236
cell,pair3_qwen25_7b_same/musique,500,256,244,0.488,0.2915735742187498,0.44906062999999985,0.3209176740000004,0.234
cell,pair3_qwen25_7b_same/multifieldqa_en,150,93,57,0.38,0.2062813225806452,0.36132687999999996,0.33988730000000017,0.41333333333333333
cell,pair3_qwen25_7b_same/twowikimqa,200,114,86,0.43,0.18288774561403512,0.3683857299999999,0.31823836499999986,0.405
cell,pair3_qwen25_7b_same/tmath,300,0,300,1.0,NA,0.6143839933333337,0.3630525066666668,0.3040080766666669
cell,pair4_falcon3_7b_same/countries,200,91,109,0.545,0.44212180219780234,0.5355276650000002,0.43569405999999977,0.25
cell,pair4_falcon3_7b_same/tipsheets,500,492,8,0.016,0.27156404268292694,0.2770500400000001,0.3280979540000002,0.818
cell,pair4_falcon3_7b_same/hotpotqa,500,349,151,0.302,0.2710998223495705,0.37462766999999997,0.3392620719999996,0.426
cell,pair4_falcon3_7b_same/qasper,500,157,343,0.686,0.23195186624203826,0.4942313499999996,0.21430740199999987,0.146
cell,pair4_falcon3_7b_same/musique,500,251,249,0.498,0.26987345019920334,0.4413559460000003,0.2592135399999999,0.256
cell,pair4_falcon3_7b_same/multifieldqa_en,150,88,62,0.41333333333333333,0.20720454545454536,0.3754718666666669,0.15248373333333334,0.26666666666666666
cell,pair4_falcon3_7b_same/twowikimqa,200,103,97,0.485,0.19440580582524267,0.3980457000000003,0.14895055500000004,0.31
cell,pair4_falcon3_7b_same/tmath,300,0,300,1.0,NA,0.61428933,0.2963569766666667,0.2966910866666668
cell,pair5_evolcodellama_toolace/countries,200,125,75,0.375,0.34709987999999986,0.44673676999999984,0.29510624999999996,0.27
cell,pair5_evolcodellama_toolace/tipsheets,500,495,5,0.01,0.22555687474747493,0.22943275800000015,0.28952167600000006,0.824
cell,pair5_evolcodellama_toolace/hotpotqa,500,347,153,0.306,0.26423995677233436,0.37085424800000016,0.28858004399999987,0.41
cell,pair5_evolcodellama_toolace/qasper,500,160,340,0.68,0.2628424125000002,0.5006120640000008,0.38363950800000024,0.222
cell,pair5_evolcodellama_toolace/musique,500,217,283,0.566,0.2668811566820275,0.46248543800000036,0.3020290919999999,0.25
cell,pair5_evolcodellama_toolace/multifieldqa_en,150,102,48,0.32,0.18890442156862744,0.32445160666666645,0.35942132666666665,0.54
cell,pair5_evolcodellama_toolace/twowikimqa,200,101,99,0.495,0.19286965346534654,0.40058476000000004,0.37488859999999996,0.335
cell,pair5_evolcodellama_toolace/tmath,300,0,300,1.0,NA,0.612510206666667,0.2803039199999999,0.3561504766666666
cell,pair6_llama32_abliterated_deepseek3b/countries,200,119,81,0.405,0.35213173109243706,0.4579902250000001,0.35294440500000007,0.515
cell,pair6_llama32_abliterated_deepseek3b/tipsheets,500,397,103,0.206,0.28595338790932034,0.35365629400000015,0.23698031599999972,0.43
cell,pair6_llama32_abliterated_deepseek3b/hotpotqa,500,395,105,0.21,0.2344193544303801,0.3141452139999999,0.2530156239999998,0.484
cell,pair6_llama32_abliterated_deepseek3b/qasper,500,199,301,0.602,0.22833183919597982,0.46068001799999947,0.40393804800000005,0.302
cell,pair6_llama32_abliterated_deepseek3b/musique,500,258,242,0.484,0.24670391472868225,0.4245923019999998,0.2518589280000003,0.314
cell,pair6_llama32_abliterated_deepseek3b/multifieldqa_en,150,92,58,0.38666666666666666,0.19766502173913042,0.3587543333333334,0.3948470466666666,0.5066666666666667
cell,pair6_llama32_abliterated_deepseek3b/twowikimqa,200,100,100,0.5,0.17215461999999998,0.39322068999999993,0.39988733500000007,0.395
cell,pair6_llama32_abliterated_deepseek3b/tmath,300,0,300,1.0,NA,0.614296603333333,0.25106460999999997,0.3260990933333333
cell,pair7_qwen25_uncensored_bespoke/countries,200,110,90,0.45,0.3558672545454547,0.47190464000000015,0.4008138700000001,0.485
cell,pair7_qwen25_uncensored_bespoke/tipsheets,500,493,7,0.014,0.24794499188640992,0.25309571800000014,0.39804663599999973,0.916
cell,pair7_qwen25_uncensored_bespoke/hotpotqa,500,334,166,0.332,0.2813810898203592,0.39191701999999995,0.38534502800000026,0.352
cell,pair7_qwen25_uncensored_bespoke/qasper,500,169,331,0.662,0.25226104733727805,0.49192607799999977,0.36837178999999987,0.172
cell,pair7_qwen25_uncensored_bespoke/musique,500,228,272,0.544,0.28412395614035085,0.4637054659999998,0.34411705199999976,0.224
cell,pair7_qwen25_uncensored_bespoke/multifieldqa_en,150,84,66,0.44,0.2274265238095238,0.39764839999999985,0.35847211333333345,0.31333333333333335
cell,pair7_qwen25_uncensored_bespoke/twowikimqa,200,60,140,0.7,0.23337214999999994,0.5000106550000001,0.3416963749999999,0.17
cell,pair7_qwen25_uncensored_bespoke/tmath,300,0,300,1.0,NA,0.6143839933333337,0.39069366666666683,0.32942261333333334
task,countries,1400,770,630,0.45,0.3375497519480515,0.461662148571431,0.3483507764285711,0.4135714285714286
task,tipsheets,3500,3275,225,0.06428571428571428,0.24854801893129827,0.27206203742857216,0.30556081828571463,0.7128571428571429
task,hotpotqa,3500,2598,902,0.25771428571428573,0.2547075700538877,0.3472215825714277,0.3085061645714294,0.46
task,qasper,3500,1300,2200,0.6285714285714286,0.2382978084615385,0.4743128654285707,0.3542546388571434,0.24342857142857144
task,musique,3500,1730,1770,0.5057142857142857,0.2700137687861267,0.4438560565714288,0.2882168708571419,0.2591428571428571
task,multifieldqa_en,1050,653,397,0.3780952380952381,0.2027673277182234,0.35819175142857135,0.3345668247619046,0.43523809523809526
task,twowikimqa,1400,692,708,0.5057142857142857,0.1868067066473988,0.40274529214285754,0.3321202585714291,0.3514285714285714
task,tmath,2100,0,2100,1.0,NA,0.6138100309523796,0.3005609776190469,0.3311568628571428
macro,all,19950,11018,8932,0.447719298245614,0.25179039889271865,0.4138524670676673,0.31744448080200693,0.40538493293233047
