task,method_a,method_b,fraction,n,mean_diff,ci_low,ci_high,wins,losses,ties,bytes_a_mb,bytes_b_mb
hotpotqa,rekv,recv_layer,0.1,200,0.005,-0.06,0.07,23,22,155,4.502,4.512
hotpotqa,rekv,recv_layer,0.3,200,0.3,0.225,0.375,69,9,122,8.021,7.936
hotpotqa,rekv,recv_layer,0.5,200,0.41,0.34,0.485,88,6,106,11.585,11.93
hotpotqa,rekv,kvcomm,0.1,200,-0.055,-0.12,0.01,16,27,157,4.502,2.414
hotpotqa,rekv,kvcomm,0.3,200,0.255,0.175,0.335,65,14,121,8.021,5.268
hotpotqa,rekv,kvcomm,0.5,200,0.08,0.02,0.145,29,13,158,11.585,9.262
hotpotqa,rekv,evict,0.1,200,0.045,0.0,0.09,14,5,181,4.502,2.404
hotpotqa,rekv,evict,0.3,200,0.01,-0.065,0.085,28,26,146,8.021,5.923
hotpotqa,rekv,evict,0.5,200,0.035,-0.02,0.09,18,11,171,11.585,9.488
hotpotqa,recv_layer,kvcomm,0.1,200,-0.06,-0.115,-0.005,10,22,168,4.512,2.414
hotpotqa,recv_layer,kvcomm,0.3,200,-0.045,-0.115,0.025,21,30,149,7.936,5.268
hotpotqa,recv_layer,kvcomm,0.5,200,-0.33,-0.405,-0.26,5,71,124,11.93,9.262
hotpotqa,recv_layer,random_layer,0.1,200,0.18,0.125,0.24,38,2,160,4.512,2.414
hotpotqa,recv_layer,random_layer,0.3,200,0.06,0.01,0.11,19,7,174,7.936,5.268
hotpotqa,recv_layer,random_layer,0.5,200,-0.28,-0.35,-0.21,6,62,132,11.93,9.262
hotpotqa,kvcomm,random_layer,0.1,200,0.24,0.18,0.3,49,1,150,2.414,2.414
hotpotqa,kvcomm,random_layer,0.3,200,0.105,0.04,0.175,33,12,155,5.268,5.268
hotpotqa,kvcomm,random_layer,0.5,200,0.05,-0.015,0.12,31,21,148,9.262,9.262
hotpotqa,rekv,rekv_shuffled,0.1,200,0.035,0.0,0.07,10,3,187,4.502,4.502
hotpotqa,rekv,rekv_shuffled,0.3,200,0.165,0.1,0.235,42,9,149,8.021,8.021
hotpotqa,rekv,rekv_shuffled,0.5,200,0.11,0.055,0.165,28,6,166,11.585,11.585
multifieldqa_en,rekv,recv_layer,0.1,145,0.3172,0.2276,0.4069,51,5,89,119.184,116.444
multifieldqa_en,rekv,recv_layer,0.3,145,0.4276,0.3379,0.5172,67,5,73,296.237,287.765
multifieldqa_en,rekv,recv_layer,0.5,145,0.4069,0.3103,0.5034,66,7,72,473.295,487.639
multifieldqa_en,rekv,kvcomm,0.1,145,0.269,0.1793,0.3586,45,6,94,119.184,85.792
multifieldqa_en,rekv,kvcomm,0.3,145,0.2828,0.2,0.3655,45,4,96,296.237,257.113
multifieldqa_en,rekv,kvcomm,0.5,145,0.0207,-0.0414,0.0828,12,9,124,473.295,456.988
multifieldqa_en,rekv,evict,0.1,145,0.1862,0.0966,0.269,36,9,100,119.184,117.086
multifieldqa_en,rekv,evict,0.3,145,0.131,0.0552,0.2069,28,9,108,296.237,294.139
multifieldqa_en,rekv,evict,0.5,145,0.1241,0.0621,0.1931,23,5,117,473.295,471.198
multifieldqa_en,recv_layer,kvcomm,0.1,145,-0.0483,-0.0966,0.0,3,10,132,116.444,85.792
multifieldqa_en,recv_layer,kvcomm,0.3,145,-0.1448,-0.2207,-0.0759,5,26,114,287.765,257.113
multifieldqa_en,recv_layer,kvcomm,0.5,145,-0.3862,-0.4828,-0.2897,7,63,75,487.639,456.988
multifieldqa_en,recv_layer,random_layer,0.1,145,0.0,-0.0276,0.0276,2,2,141,116.444,114.346
multifieldqa_en,recv_layer,random_layer,0.3,145,-0.0276,-0.069,0.0138,3,7,135,287.765,257.113
multifieldqa_en,recv_layer,random_layer,0.5,145,-0.1724,-0.2552,-0.0966,6,31,108,487.639,456.988
multifieldqa_en,kvcomm,random_layer,0.1,145,0.0483,0.0,0.0966,11,4,130,85.792,114.346
multifieldqa_en,kvcomm,random_layer,0.3,145,0.1172,0.0414,0.1862,24,7,114,257.113,257.113
multifieldqa_en,kvcomm,random_layer,0.5,145,0.2138,0.1241,0.3034,40,9,96,456.988,456.988
multifieldqa_en,rekv,rekv_shuffled,0.1,145,0.1724,0.1034,0.2483,29,4,112,119.184,119.184
multifieldqa_en,rekv,rekv_shuffled,0.3,145,0.1241,0.0483,0.2,26,8,111,296.237,296.237
multifieldqa_en,rekv,rekv_shuffled,0.5,145,0.0207,-0.0345,0.0759,10,7,128,473.295,473.295
musique,rekv,recv_layer,0.1,200,0.14,0.09,0.19,29,1,170,8.288,8.25
musique,rekv,recv_layer,0.3,200,0.31,0.24,0.38,65,3,132,17.644,17.281
musique,rekv,recv_layer,0.5,200,0.375,0.305,0.45,79,4,117,26.999,27.817
musique,rekv,kvcomm,0.1,200,0.09,0.045,0.135,21,3,176,8.288,6.152
musique,rekv,kvcomm,0.3,200,0.24,0.175,0.305,53,5,142,17.644,13.678
musique,rekv,kvcomm,0.5,200,0.14,0.075,0.2,36,8,156,26.999,24.214
musique,rekv,evict,0.1,200,0.03,-0.02,0.08,18,12,170,8.288,6.19
musique,rekv,evict,0.3,200,0.0,-0.07,0.07,26,26,148,17.644,15.546
musique,rekv,evict,0.5,200,0.035,-0.025,0.095,21,14,165,26.999,24.901
musique,recv_layer,kvcomm,0.1,200,-0.05,-0.085,-0.02,1,11,188,8.25,6.152
musique,recv_layer,kvcomm,0.3,200,-0.07,-0.12,-0.025,5,19,176,17.281,13.678
musique,recv_layer,kvcomm,0.5,200,-0.235,-0.31,-0.165,8,55,137,27.817,24.214
musique,recv_layer,random_layer,0.1,200,0.005,0.0,0.015,1,0,199,8.25,6.152
musique,recv_layer,random_layer,0.3,200,0.01,-0.01,0.03,3,1,196,17.281,13.678
musique,recv_layer,random_layer,0.5,200,-0.22,-0.29,-0.155,5,49,146,27.817,24.214
musique,kvcomm,random_layer,0.1,200,0.055,0.025,0.09,12,1,187,6.152,6.152
musique,kvcomm,random_layer,0.3,200,0.08,0.035,0.13,20,4,176,13.678,13.678
musique,kvcomm,random_layer,0.5,200,0.015,-0.055,0.095,31,28,141,24.214,24.214
musique,rekv,rekv_shuffled,0.1,200,0.075,0.025,0.12,21,6,173,8.288,8.288
musique,rekv,rekv_shuffled,0.3,200,0.11,0.05,0.175,32,10,158,17.644,17.644
musique,rekv,rekv_shuffled,0.5,200,0.11,0.06,0.165,27,5,168,26.999,26.999
