pair,task,brekv_score,brekv_budget,best_rekv_score,best_rekv_budget,best_rekv_ratio,delta_vs_best,nearest_rekv_score,nearest_rekv_budget,nearest_ratio,delta_vs_nearest
pair1_llama31_same,countries,0.615,0.2943774550000002,0.605,0.32352516999999986,0.3,0.010000000000000009,0.585,0.2736311349999994,0.25,0.030000000000000027
pair1_llama31_same,hotpotqa,0.56,0.2754482219999999,0.718,0.6126319660000008,0.6,-0.15799999999999992,0.57,0.2736553139999998,0.25,-0.009999999999999898
pair1_llama31_same,multifieldqa_en,0.5,0.33536828,0.5466666666666666,0.612487893333333,0.6,-0.046666666666666634,0.49333333333333335,0.3218667266666666,0.3,0.006666666666666654
pair1_llama31_same,musique,0.304,0.27454659399999964,0.454,0.6124955300000012,0.6,-0.15000000000000002,0.338,0.2734137259999997,0.25,-0.03400000000000003
pair1_llama31_same,qasper,0.31,0.35253970199999995,0.324,0.5156114960000001,0.5,-0.014000000000000012,0.32,0.3703066080000003,0.35,-0.010000000000000009
pair1_llama31_same,tipsheets,0.712,0.278143484,0.902,0.6124680340000002,0.6,-0.19000000000000006,0.524,0.2734495499999996,0.25,0.18799999999999994
pair1_llama31_same,tmath,0.35593849666666655,0.2648429900000001,0.36328120000000036,0.5156143666666663,0.5,-0.007342703333333811,0.3488883133333335,0.273445753333333,0.25,0.007050183333333071
pair1_llama31_same,twowikimqa,0.43,0.3396907650000001,0.43,0.3703149049999999,0.35,0.0,0.41,0.32187672000000006,0.3,0.020000000000000018
pair2_llama32_same,countries,0.53,0.27457085,0.58,0.614028295000001,0.6,-0.04999999999999993,0.49,0.27697837,0.25,0.040000000000000036
pair2_llama32_same,hotpotqa,0.498,0.25603113600000005,0.682,0.6144171079999997,0.6,-0.18400000000000005,0.518,0.2770024880000001,0.25,-0.020000000000000018
pair2_llama32_same,multifieldqa_en,0.5066666666666667,0.4014879733333332,0.5333333333333333,0.3732060066666668,0.35,-0.026666666666666616,0.52,0.4214407666666668,0.4,-0.013333333333333308
pair2_llama32_same,musique,0.232,0.26483521600000004,0.342,0.6142813059999989,0.6,-0.11000000000000001,0.228,0.27676200599999984,0.25,0.0040000000000000036
pair2_llama32_same,qasper,0.316,0.4067565699999998,0.324,0.5178436419999992,0.5,-0.008000000000000007,0.312,0.42142598599999886,0.4,0.0040000000000000036
pair2_llama32_same,tipsheets,0.42,0.23684930000000012,0.714,0.6142539040000006,0.6,-0.294,0.372,0.22866915800000012,0.2,0.04799999999999999
pair2_llama32_same,tmath,0.3497881966666668,0.25761217333333336,0.36018941333333315,0.6142958833333334,0.6,-0.01040121666666638,0.3426109866666666,0.2767939033333334,0.25,0.007177210000000156
pair2_llama32_same,twowikimqa,0.415,0.40148981499999997,0.42,0.228565815,0.2,-0.0050000000000000044,0.395,0.42143406500000025,0.4,0.019999999999999962
pair3_qwen25_7b_same,countries,0.23,0.38494854499999986,0.365,0.6140593000000003,0.6,-0.13499999999999998,0.05,0.37341961999999973,0.35,0.18
pair3_qwen25_7b_same,hotpotqa,0.49,0.36186102599999986,0.652,0.6143471200000005,0.6,-0.16200000000000003,0.514,0.37304878599999963,0.35,-0.02400000000000002
pair3_qwen25_7b_same,multifieldqa_en,0.41333333333333333,0.33988730000000017,0.5266666666666666,0.42142562,0.4,-0.11333333333333329,0.47333333333333333,0.3250012266666666,0.3,-0.06
pair3_qwen25_7b_same,musique,0.234,0.3209176740000004,0.372,0.5178289699999992,0.5,-0.13799999999999998,0.288,0.32493689399999987,0.3,-0.053999999999999965
pair3_qwen25_7b_same,qasper,0.236,0.35022945199999994,0.336,0.614291873999999,0.6,-0.10000000000000003,0.282,0.37321389999999943,0.35,-0.045999999999999985
pair3_qwen25_7b_same,tipsheets,0.87,0.37128636200000026,0.934,0.6143386320000007,0.6,-0.06400000000000006,0.908,0.3730244579999994,0.35,-0.038000000000000034
pair3_qwen25_7b_same,tmath,0.3040080766666669,0.3630525066666668,0.3214439000000001,0.6143839933333337,0.6,-0.01743582333333321,0.3086818900000003,0.3733133133333333,0.35,-0.0046738133333333876
pair3_qwen25_7b_same,twowikimqa,0.405,0.31823836499999986,0.47,0.32500169000000023,0.3,-0.06499999999999995,0.47,0.32500169000000023,0.3,-0.06499999999999995
pair4_falcon3_7b_same,countries,0.25,0.43569405999999977,0.415,0.5182685900000006,0.5,-0.16499999999999998,0.31,0.42175353500000073,0.4,-0.06
pair4_falcon3_7b_same,hotpotqa,0.426,0.3392620719999996,0.6,0.6141236979999998,0.6,-0.174,0.446,0.32520604799999964,0.3,-0.020000000000000018
pair4_falcon3_7b_same,multifieldqa_en,0.26666666666666666,0.15248373333333334,0.4533333333333333,0.6142905333333338,0.6,-0.18666666666666665,0.32666666666666666,0.13214869999999987,0.1,-0.06
pair4_falcon3_7b_same,musique,0.256,0.2592135399999999,0.402,0.614252,0.6,-0.14600000000000002,0.274,0.27681837199999976,0.25,-0.018000000000000016
pair4_falcon3_7b_same,qasper,0.146,0.21430740199999987,0.238,0.6142873359999992,0.6,-0.092,0.204,0.2285745480000003,0.2,-0.057999999999999996
pair4_falcon3_7b_same,tipsheets,0.818,0.3280979540000002,0.928,0.6141721279999994,0.6,-0.1100000000000001,0.674,0.32501553399999955,0.3,0.1439999999999999
pair4_falcon3_7b_same,tmath,0.2966910866666668,0.2963569766666667,0.30255119666666663,0.5181497833333336,0.5,-0.005860109999999807,0.29250107666666686,0.2769568799999999,0.25,0.004190009999999966
pair4_falcon3_7b_same,twowikimqa,0.31,0.14895055500000004,0.415,0.5178589100000012,0.5,-0.10499999999999998,0.325,0.1321405749999999,0.1,-0.015000000000000013
pair5_evolcodellama_toolace,countries,0.27,0.29510624999999996,0.595,0.516051925,0.5,-0.32499999999999996,0.235,0.2736311349999994,0.25,0.03500000000000003
pair5_evolcodellama_toolace,hotpotqa,0.41,0.28858004399999987,0.608,0.6126319660000008,0.6,-0.198,0.448,0.2736553139999998,0.25,-0.038000000000000034
pair5_evolcodellama_toolace,multifieldqa_en,0.54,0.35942132666666665,0.5733333333333334,0.515613286666667,0.5,-0.033333333333333326,0.52,0.37030424666666656,0.35,0.020000000000000018
pair5_evolcodellama_toolace,musique,0.25,0.3020290919999999,0.338,0.6124955300000012,0.6,-0.08800000000000002,0.28,0.32183868800000015,0.3,-0.030000000000000027
pair5_evolcodellama_toolace,qasper,0.222,0.38363950800000024,0.24,0.612502688000002,0.6,-0.017999999999999988,0.2,0.3703066080000003,0.35,0.021999999999999992
pair5_evolcodellama_toolace,tipsheets,0.824,0.28952167600000006,0.916,0.6124680340000002,0.6,-0.09200000000000008,0.646,0.2734495499999996,0.25,0.17799999999999994
pair5_evolcodellama_toolace,tmath,0.3561504766666666,0.2803039199999999,0.3709790066666667,0.612510206666667,0.6,-0.014828530000000117,0.3531969699999999,0.273445753333333,0.25,0.0029535066666667165
pair5_evolcodellama_toolace,twowikimqa,0.335,0.37488859999999996,0.39,0.6124945549999999,0.6,-0.05499999999999999,0.36,0.3703149049999999,0.35,-0.024999999999999967
pair6_llama32_abliterated_deepseek3b,countries,0.515,0.35294440500000007,0.545,0.5173858350000009,0.5,-0.030000000000000027,0.45,0.3726409050000001,0.35,0.065
pair6_llama32_abliterated_deepseek3b,hotpotqa,0.484,0.2530156239999998,0.696,0.6144441159999993,0.6,-0.21199999999999997,0.554,0.2769025219999998,0.25,-0.07000000000000006
pair6_llama32_abliterated_deepseek3b,multifieldqa_en,0.5066666666666667,0.3948470466666666,0.54,0.32499991999999994,0.3,-0.033333333333333326,0.5133333333333333,0.3731993199999999,0.35,-0.006666666666666599
pair6_llama32_abliterated_deepseek3b,musique,0.314,0.2518589280000003,0.404,0.6142847919999999,0.6,-0.09000000000000002,0.28,0.22863367000000023,0.2,0.033999999999999975
pair6_llama32_abliterated_deepseek3b,qasper,0.302,0.40393804800000005,0.308,0.5178685359999988,0.5,-0.006000000000000005,0.3,0.421425987999999,0.4,0.0020000000000000018
pair6_llama32_abliterated_deepseek3b,tipsheets,0.43,0.23698031599999972,0.694,0.6142487740000001,0.6,-0.26399999999999996,0.396,0.22869410200000034,0.2,0.033999999999999975
pair6_llama32_abliterated_deepseek3b,twowikimqa,0.395,0.39988733500000007,0.415,0.5178631600000013,0.5,-0.019999999999999962,0.4,0.4214341600000004,0.4,-0.0050000000000000044
pair7_qwen25_uncensored_bespoke,countries,0.485,0.4008138700000001,0.5,0.5167529750000006,0.5,-0.015000000000000013,0.46,0.42165488500000037,0.4,0.024999999999999967
pair7_qwen25_uncensored_bespoke,hotpotqa,0.352,0.38534502800000026,0.466,0.6143471200000005,0.6,-0.11400000000000005,0.378,0.37304878599999963,0.35,-0.026000000000000023
pair7_qwen25_uncensored_bespoke,musique,0.224,0.34411705199999976,0.332,0.6142829579999993,0.6,-0.10800000000000001,0.226,0.32493689399999987,0.3,-0.0020000000000000018
pair7_qwen25_uncensored_bespoke,twowikimqa,0.17,0.3416963749999999,0.21,0.5178581100000009,0.5,-0.03999999999999998,0.155,0.32500169000000023,0.3,0.015000000000000013
