pair,task,target_method,target_score,target_actual_budget,baseline_method,matched_baseline_score,score_delta,match_status,fixed_ratio_bracket
pair1_llama31_same,countries,B-ReKV,0.615,0.2943774550000002,ReKV,0.5933161524218278,0.02168384757817221,matched,0.25..0.3
pair1_llama31_same,countries,B-ReKV,0.615,0.2943774550000002,ValueNorm/Evict,0.5737628856836291,0.04123711431637089,matched,0.25..0.3
pair1_llama31_same,countries,B-ReKV,0.615,0.2943774550000002,Random,0.34405499074188073,0.27094500925811926,matched,0.25..0.3
pair1_llama31_same,hotpotqa,B-ReKV,0.56,0.2754482219999999,ReKV,0.5722259136460103,-0.012225913646010222,matched,0.25..0.3
pair1_llama31_same,hotpotqa,B-ReKV,0.56,0.2754482219999999,ValueNorm/Evict,0.5233355481876062,0.03666445181239386,matched,0.25..0.3
pair1_llama31_same,hotpotqa,B-ReKV,0.56,0.2754482219999999,Random,0.36081949061827967,0.19918050938172038,matched,0.25..0.3
pair1_llama31_same,multifieldqa_en,B-ReKV,0.5,0.33536828,ReKV,0.49333333333333335,0.006666666666666654,matched,0.3..0.35
pair1_llama31_same,multifieldqa_en,B-ReKV,0.5,0.33536828,ValueNorm/Evict,0.3285249442076216,0.17147505579237837,matched,0.3..0.35
pair1_llama31_same,multifieldqa_en,B-ReKV,0.5,0.33536828,Random,0.3996746094533513,0.10032539054664869,matched,0.3..0.35
pair1_llama31_same,musique,B-ReKV,0.304,0.27454659399999964,ReKV,0.3385146745597859,-0.03451467455978591,matched,0.25..0.3
pair1_llama31_same,musique,B-ReKV,0.304,0.27454659399999964,ValueNorm/Evict,0.2806082517524743,0.023391748247525712,matched,0.25..0.3
pair1_llama31_same,musique,B-ReKV,0.304,0.27454659399999964,Random,0.14460825175247424,0.15939174824752575,matched,0.25..0.3
pair1_llama31_same,qasper,B-ReKV,0.31,0.35253970199999995,ReKV,0.31119594999333905,-0.0011959499933390516,matched,0.3..0.35
pair1_llama31_same,qasper,B-ReKV,0.31,0.35253970199999995,ValueNorm/Evict,0.27479392499000854,0.035206075009991455,matched,0.3..0.35
pair1_llama31_same,qasper,B-ReKV,0.31,0.35253970199999995,Random,0.23039189998667806,0.07960810001332194,matched,0.3..0.35
pair1_llama31_same,tipsheets,B-ReKV,0.712,0.278143484,ReKV,0.5286542829995564,0.18334571700044355,matched,0.25..0.3
pair1_llama31_same,tipsheets,B-ReKV,0.712,0.278143484,ValueNorm/Evict,0.6268482114578713,0.08515178854212868,matched,0.25..0.3
pair1_llama31_same,tipsheets,B-ReKV,0.712,0.278143484,Random,0.601042139916186,0.11095786008381392,matched,0.25..0.3
pair1_llama31_same,tmath,B-ReKV,0.35593849666666655,0.2648429900000001,ReKV,0.34912731834733496,0.00681117831933159,matched,0.2..0.25
pair1_llama31_same,tmath,B-ReKV,0.35593849666666655,0.2648429900000001,ValueNorm/Evict,0.3488898145590344,0.007048682107632154,matched,0.2..0.25
pair1_llama31_same,tmath,B-ReKV,0.35593849666666655,0.2648429900000001,Random,0.34135486219627315,0.014583634470393403,matched,0.2..0.25
pair1_llama31_same,twowikimqa,B-ReKV,0.43,0.3396907650000001,ReKV,0.4173553726259562,0.012644627374043815,matched,0.3..0.35
pair1_llama31_same,twowikimqa,B-ReKV,0.43,0.3396907650000001,ValueNorm/Evict,0.33419421578244524,0.09580578421755476,matched,0.3..0.35
pair1_llama31_same,twowikimqa,B-ReKV,0.43,0.3396907650000001,Random,0.3081611568435109,0.12183884315648907,matched,0.3..0.35
pair2_llama32_same,countries,B-ReKV,0.53,0.27457085,ReKV,0.48975054325683876,0.04024945674316127,matched,0.2..0.25
pair2_llama32_same,countries,B-ReKV,0.53,0.27457085,ValueNorm/Evict,0.4692516297705162,0.06074837022948382,matched,0.2..0.25
pair2_llama32_same,countries,B-ReKV,0.53,0.27457085,Random,0.47825380279787116,0.05174619720212886,matched,0.2..0.25
pair2_llama32_same,hotpotqa,B-ReKV,0.498,0.25603113600000005,ReKV,0.501545996058198,-0.003545996058198053,matched,0.2..0.25
pair2_llama32_same,hotpotqa,B-ReKV,0.498,0.25603113600000005,ValueNorm/Evict,0.4654839946059552,0.03251600539404481,matched,0.2..0.25
pair2_llama32_same,hotpotqa,B-ReKV,0.498,0.25603113600000005,Random,0.3212159950208817,0.17678400497911828,matched,0.2..0.25
pair2_llama32_same,multifieldqa_en,B-ReKV,0.5066666666666667,0.4014879733333332,ReKV,0.5255154673609748,-0.018848800694308054,matched,0.35..0.4
pair2_llama32_same,multifieldqa_en,B-ReKV,0.5066666666666667,0.4014879733333332,ValueNorm/Evict,0.36069586423658856,0.14597080243007815,matched,0.35..0.4
pair2_llama32_same,multifieldqa_en,B-ReKV,0.5066666666666667,0.4014879733333332,Random,0.35127146388943453,0.15539520277723218,matched,0.35..0.4
pair2_llama32_same,musique,B-ReKV,0.232,0.26483521600000004,ReKV,0.2260177279108725,0.005982272089127522,matched,0.2..0.25
pair2_llama32_same,musique,B-ReKV,0.232,0.26483521600000004,ValueNorm/Evict,0.20107977559892623,0.03092022440107378,matched,0.2..0.25
pair2_llama32_same,musique,B-ReKV,0.232,0.26483521600000004,Random,0.11357534362120811,0.1184246563787919,matched,0.2..0.25
pair2_llama32_same,qasper,B-ReKV,0.316,0.4067565699999998,ReKV,0.3089576580392619,0.007042341960738108,matched,0.35..0.4
pair2_llama32_same,qasper,B-ReKV,0.316,0.4067565699999998,ValueNorm/Evict,0.2605237844706715,0.05547621552932852,matched,0.35..0.4
pair2_llama32_same,qasper,B-ReKV,0.316,0.4067565699999998,Random,0.23608991090208098,0.07991008909791902,matched,0.35..0.4
pair2_llama32_same,tipsheets,B-ReKV,0.42,0.23684930000000012,ReKV,0.37607915212953724,0.04392084787046274,matched,0.2..0.25
pair2_llama32_same,tipsheets,B-ReKV,0.42,0.23684930000000012,ValueNorm/Evict,0.3996996467206405,0.020300353279359473,matched,0.2..0.25
pair2_llama32_same,tipsheets,B-ReKV,0.42,0.23684930000000012,Random,0.3707194347530248,0.04928056524697516,matched,0.2..0.25
pair2_llama32_same,tmath,B-ReKV,0.3497881966666668,0.25761217333333336,ReKV,0.3400329372291454,0.009755259437521369,matched,0.2..0.25
pair2_llama32_same,tmath,B-ReKV,0.3497881966666668,0.25761217333333336,ValueNorm/Evict,0.33418301906607806,0.015605177600588716,matched,0.2..0.25
pair2_llama32_same,tmath,B-ReKV,0.3497881966666668,0.25761217333333336,Random,0.3330528861129133,0.01673531055375349,matched,0.2..0.25
pair2_llama32_same,twowikimqa,B-ReKV,0.415,0.40148981499999997,ReKV,0.395,0.019999999999999962,matched,0.35..0.4
pair2_llama32_same,twowikimqa,B-ReKV,0.415,0.40148981499999997,ValueNorm/Evict,0.3008636832770898,0.11413631672291019,matched,0.35..0.4
pair2_llama32_same,twowikimqa,B-ReKV,0.415,0.40148981499999997,Random,0.3105228914698143,0.10447710853018566,matched,0.35..0.4
pair3_qwen25_7b_same,countries,B-ReKV,0.23,0.38494854499999986,ReKV,0.08465709424422148,0.14534290575577852,matched,0.35..0.4
pair3_qwen25_7b_same,countries,B-ReKV,0.23,0.38494854499999986,ValueNorm/Evict,0.10239014443063597,0.12760985556936405,matched,0.35..0.4
pair3_qwen25_7b_same,countries,B-ReKV,0.23,0.38494854499999986,Random,0.09717043329190789,0.13282956670809212,matched,0.35..0.4
pair3_qwen25_7b_same,hotpotqa,B-ReKV,0.49,0.36186102599999986,ReKV,0.5000366540286332,-0.010036654028633185,matched,0.3..0.35
pair3_qwen25_7b_same,hotpotqa,B-ReKV,0.49,0.36186102599999986,ValueNorm/Evict,0.5847785399686475,-0.09477853996864749,matched,0.3..0.35
pair3_qwen25_7b_same,hotpotqa,B-ReKV,0.49,0.36186102599999986,Random,0.4046403194314964,0.08535968056850357,matched,0.3..0.35
pair3_qwen25_7b_same,multifieldqa_en,B-ReKV,0.41333333333333333,0.33988730000000017,ReKV,0.4774491602309379,-0.06411582689760459,matched,0.3..0.35
pair3_qwen25_7b_same,multifieldqa_en,B-ReKV,0.41333333333333333,0.33988730000000017,ValueNorm/Evict,0.32460875321786437,0.08872458011546897,matched,0.3..0.35
pair3_qwen25_7b_same,multifieldqa_en,B-ReKV,0.41333333333333333,0.33988730000000017,Random,0.3041158268976046,0.10921750643572875,matched,0.3..0.35
pair3_qwen25_7b_same,musique,B-ReKV,0.234,0.3209176740000004,ReKV,0.28449795209520157,-0.050497952095201554,matched,0.25..0.3
pair3_qwen25_7b_same,musique,B-ReKV,0.234,0.3209176740000004,ValueNorm/Evict,0.32599765953737325,-0.09199765953737324,matched,0.25..0.3
pair3_qwen25_7b_same,musique,B-ReKV,0.234,0.3209176740000004,Random,0.17449795209520158,0.05950204790479843,matched,0.25..0.3
pair3_qwen25_7b_same,qasper,B-ReKV,0.236,0.35022945199999994,ReKV,0.2781864466693242,-0.042186446669324196,matched,0.3..0.35
pair3_qwen25_7b_same,qasper,B-ReKV,0.236,0.35022945199999994,ValueNorm/Evict,0.28255934000797256,-0.04655934000797257,matched,0.3..0.35
pair3_qwen25_7b_same,qasper,B-ReKV,0.236,0.35022945199999994,Random,0.2049322333466209,0.031067766653379097,matched,0.3..0.35
pair3_qwen25_7b_same,tipsheets,B-ReKV,0.87,0.37128636200000026,ReKV,0.9076391405791622,-0.03763914057916218,matched,0.3..0.35
pair3_qwen25_7b_same,tipsheets,B-ReKV,0.87,0.37128636200000026,ValueNorm/Evict,0.6579791872433077,0.21202081275669227,matched,0.3..0.35
pair3_qwen25_7b_same,tipsheets,B-ReKV,0.87,0.37128636200000026,Random,0.7329895936216538,0.13701040637834616,matched,0.3..0.35
pair3_qwen25_7b_same,tmath,B-ReKV,0.3040080766666669,0.3630525066666668,ReKV,0.3086044547737294,-0.004596378107062482,matched,0.3..0.35
pair3_qwen25_7b_same,tmath,B-ReKV,0.3040080766666669,0.3630525066666668,ValueNorm/Evict,0.3090666113807526,-0.005058534714085683,matched,0.3..0.35
pair3_qwen25_7b_same,tmath,B-ReKV,0.3040080766666669,0.3630525066666668,Random,0.3090166920378527,-0.005008615371185798,matched,0.3..0.35
pair3_qwen25_7b_same,twowikimqa,B-ReKV,0.405,0.31823836499999986,ReKV,0.465090110565467,-0.06009011056546698,matched,0.25..0.3
pair3_qwen25_7b_same,twowikimqa,B-ReKV,0.405,0.31823836499999986,ValueNorm/Evict,0.3378056511054474,0.06719434889455261,matched,0.25..0.3
pair3_qwen25_7b_same,twowikimqa,B-ReKV,0.405,0.31823836499999986,Random,0.3107014127763619,0.09429858722363815,matched,0.25..0.3
pair4_falcon3_7b_same,countries,B-ReKV,0.25,0.43569405999999977,ReKV,0.3251660808254205,-0.07516608082542048,matched,0.4..0.5
pair4_falcon3_7b_same,countries,B-ReKV,0.25,0.43569405999999977,ValueNorm/Evict,0.17722194325020024,0.07277805674979976,matched,0.4..0.5
pair4_falcon3_7b_same,countries,B-ReKV,0.25,0.43569405999999977,Random,0.09938852622526029,0.1506114737747397,matched,0.4..0.5
pair4_falcon3_7b_same,hotpotqa,B-ReKV,0.426,0.3392620719999996,ReKV,0.45657458331052,-0.030574583310519987,matched,0.3..0.35
pair4_falcon3_7b_same,hotpotqa,B-ReKV,0.426,0.3392620719999996,ValueNorm/Evict,0.38762430551753335,0.03837569448246664,matched,0.3..0.35
pair4_falcon3_7b_same,hotpotqa,B-ReKV,0.426,0.3392620719999996,Random,0.32328729165526,0.10271270834474,matched,0.3..0.35
pair4_falcon3_7b_same,multifieldqa_en,B-ReKV,0.26666666666666666,0.15248373333333334,ReKV,0.32666666666666666,-0.06,matched,0.1..0.15
pair4_falcon3_7b_same,multifieldqa_en,B-ReKV,0.26666666666666666,0.15248373333333334,ValueNorm/Evict,0.24354134476068456,0.0231253219059821,matched,0.1..0.15
pair4_falcon3_7b_same,multifieldqa_en,B-ReKV,0.26666666666666666,0.15248373333333334,Random,0.21406223174501493,0.05260443492165173,matched,0.1..0.15
pair4_falcon3_7b_same,musique,B-ReKV,0.256,0.2592135399999999,ReKV,0.262304919985425,-0.006304919985424984,matched,0.2..0.25
pair4_falcon3_7b_same,musique,B-ReKV,0.256,0.2592135399999999,ValueNorm/Evict,0.18757397748451404,0.06842602251548596,matched,0.2..0.25
pair4_falcon3_7b_same,musique,B-ReKV,0.256,0.2592135399999999,Random,0.1028430349836031,0.15315696501639692,matched,0.2..0.25
pair4_falcon3_7b_same,qasper,B-ReKV,0.146,0.21430740199999987,ReKV,0.19689742706738583,-0.05089742706738584,matched,0.15..0.2
pair4_falcon3_7b_same,qasper,B-ReKV,0.146,0.21430740199999987,ValueNorm/Evict,0.07363247568912862,0.07236752431087137,matched,0.15..0.2
pair4_falcon3_7b_same,qasper,B-ReKV,0.146,0.21430740199999987,Random,0.06704059461141076,0.07895940538858923,matched,0.15..0.2
pair4_falcon3_7b_same,tipsheets,B-ReKV,0.818,0.3280979540000002,ReKV,0.6802971406110032,0.13770285938899673,matched,0.3..0.35
pair4_falcon3_7b_same,tipsheets,B-ReKV,0.818,0.3280979540000002,ValueNorm/Evict,0.6491405229477577,0.16885947705224225,matched,0.3..0.35
pair4_falcon3_7b_same,tipsheets,B-ReKV,0.818,0.3280979540000002,Random,0.6620401144636153,0.15595988553638462,matched,0.3..0.35
pair4_falcon3_7b_same,tmath,B-ReKV,0.2966910866666668,0.2963569766666667,ReKV,0.2944173387289162,0.0022737479377506475,matched,0.25..0.3
pair4_falcon3_7b_same,tmath,B-ReKV,0.2966910866666668,0.2963569766666667,ValueNorm/Evict,0.2904370227375131,0.00625406392915373,matched,0.25..0.3
pair4_falcon3_7b_same,tmath,B-ReKV,0.2966910866666668,0.2963569766666667,Random,0.2918391819591151,0.004851904707551702,matched,0.25..0.3
pair4_falcon3_7b_same,twowikimqa,B-ReKV,0.31,0.14895055500000004,ReKV,0.3319721821628888,-0.02197218216288882,matched,0.1..0.15
pair4_falcon3_7b_same,twowikimqa,B-ReKV,0.31,0.14895055500000004,ValueNorm/Evict,0.28197218216288883,0.02802781783711117,matched,0.1..0.15
pair4_falcon3_7b_same,twowikimqa,B-ReKV,0.31,0.14895055500000004,Random,0.2317430455407222,0.0782569544592778,matched,0.1..0.15
pair5_evolcodellama_toolace,countries,B-ReKV,0.27,0.29510624999999996,ReKV,0.26512901341813755,0.004870986581862469,matched,0.25..0.3
pair5_evolcodellama_toolace,countries,B-ReKV,0.27,0.29510624999999996,ValueNorm/Evict,0.2244331581921572,0.04556684180784282,matched,0.25..0.3
pair5_evolcodellama_toolace,countries,B-ReKV,0.27,0.29510624999999996,Random,0.030064506709068777,0.23993549329093125,matched,0.25..0.3
pair5_evolcodellama_toolace,hotpotqa,B-ReKV,0.41,0.28858004399999987,ReKV,0.454794041893025,-0.04479404189302505,matched,0.25..0.3
pair5_evolcodellama_toolace,hotpotqa,B-ReKV,0.41,0.28858004399999987,ValueNorm/Evict,0.3199115649907024,0.09008843500929758,matched,0.25..0.3
pair5_evolcodellama_toolace,hotpotqa,B-ReKV,0.41,0.28858004399999987,Random,0.13976448550698195,0.270235514493018,matched,0.25..0.3
pair5_evolcodellama_toolace,multifieldqa_en,B-ReKV,0.54,0.35942132666666665,ReKV,0.5140085454416329,0.025991454558367155,matched,0.3..0.35
pair5_evolcodellama_toolace,multifieldqa_en,B-ReKV,0.54,0.35942132666666665,ValueNorm/Evict,0.33265812122503374,0.2073418787749663,matched,0.3..0.35
pair5_evolcodellama_toolace,multifieldqa_en,B-ReKV,0.54,0.35942132666666665,Random,0.4280170908832658,0.11198290911673425,matched,0.3..0.35
pair5_evolcodellama_toolace,musique,B-ReKV,0.25,0.3020290919999999,ReKV,0.26936396695572007,-0.01936396695572007,matched,0.25..0.3
pair5_evolcodellama_toolace,musique,B-ReKV,0.25,0.3020290919999999,ValueNorm/Evict,0.1484550286275908,0.1015449713724092,matched,0.25..0.3
pair5_evolcodellama_toolace,musique,B-ReKV,0.25,0.3020290919999999,Random,0.08327318501561234,0.16672681498438766,matched,0.25..0.3
pair5_evolcodellama_toolace,qasper,B-ReKV,0.222,0.38363950800000024,ReKV,0.20770676660686038,0.01429323339313962,matched,0.35..0.4
pair5_evolcodellama_toolace,qasper,B-ReKV,0.222,0.38363950800000024,ValueNorm/Evict,0.16825724993592184,0.053742750064078165,matched,0.35..0.4
pair5_evolcodellama_toolace,qasper,B-ReKV,0.222,0.38363950800000024,Random,0.12335821659404475,0.09864178340595525,matched,0.35..0.4
pair5_evolcodellama_toolace,tipsheets,B-ReKV,0.824,0.28952167600000006,ReKV,0.689160975443289,0.13483902455671093,matched,0.25..0.3
pair5_evolcodellama_toolace,tipsheets,B-ReKV,0.824,0.28952167600000006,ValueNorm/Evict,0.6318886302864328,0.19211136971356713,matched,0.25..0.3
pair5_evolcodellama_toolace,tipsheets,B-ReKV,0.824,0.28952167600000006,Random,0.6006242401091173,0.22337575989088265,matched,0.25..0.3
pair5_evolcodellama_toolace,tmath,B-ReKV,0.3561504766666666,0.2803039199999999,ReKV,0.3534620160602191,0.002688460606447507,matched,0.25..0.3
pair5_evolcodellama_toolace,tmath,B-ReKV,0.3561504766666666,0.2803039199999999,ValueNorm/Evict,0.33824454704172696,0.017905929624939643,matched,0.25..0.3
pair5_evolcodellama_toolace,tmath,B-ReKV,0.3561504766666666,0.2803039199999999,Random,0.33599654955580327,0.020153927110863334,matched,0.25..0.3
pair5_evolcodellama_toolace,twowikimqa,B-ReKV,0.335,0.37488859999999996,ReKV,0.3590558125487453,-0.02405581254874528,matched,0.35..0.4
pair5_evolcodellama_toolace,twowikimqa,B-ReKV,0.335,0.37488859999999996,ValueNorm/Evict,0.28424884353064606,0.050751156469353964,matched,0.35..0.4
pair5_evolcodellama_toolace,twowikimqa,B-ReKV,0.335,0.37488859999999996,Random,0.24047209372562733,0.09452790627437269,matched,0.35..0.4
pair6_llama32_abliterated_deepseek3b,countries,B-ReKV,0.515,0.35294440500000007,ReKV,0.41933205050415295,0.09566794949584706,matched,0.3..0.35
pair6_llama32_abliterated_deepseek3b,countries,B-ReKV,0.515,0.35294440500000007,ValueNorm/Evict,0.3732046348092896,0.1417953651907104,matched,0.3..0.35
pair6_llama32_abliterated_deepseek3b,countries,B-ReKV,0.515,0.35294440500000007,Random,0.38292278088557374,0.13207721911442627,matched,0.3..0.35
pair6_llama32_abliterated_deepseek3b,hotpotqa,B-ReKV,0.484,0.2530156239999998,ReKV,0.5312472560492151,-0.04724725604921509,matched,0.2..0.25
pair6_llama32_abliterated_deepseek3b,hotpotqa,B-ReKV,0.484,0.2530156239999998,ValueNorm/Evict,0.4265160126244488,0.05748398737555116,matched,0.2..0.25
pair6_llama32_abliterated_deepseek3b,hotpotqa,B-ReKV,0.484,0.2530156239999998,Random,0.3361935047341683,0.14780649526583167,matched,0.2..0.25
pair6_llama32_abliterated_deepseek3b,multifieldqa_en,B-ReKV,0.5066666666666667,0.3948470466666666,ReKV,0.5043586199462705,0.002308046720396195,matched,0.35..0.4
pair6_llama32_abliterated_deepseek3b,multifieldqa_en,B-ReKV,0.5066666666666667,0.3948470466666666,ValueNorm/Evict,0.39359080682785513,0.11307585983881158,matched,0.35..0.4
pair6_llama32_abliterated_deepseek3b,multifieldqa_en,B-ReKV,0.5066666666666667,0.3948470466666666,Random,0.40367509553764575,0.10299157112902096,matched,0.35..0.4
pair6_llama32_abliterated_deepseek3b,musique,B-ReKV,0.314,0.2518589280000003,ReKV,0.28772005962080144,0.026279940379198563,matched,0.2..0.25
pair6_llama32_abliterated_deepseek3b,musique,B-ReKV,0.314,0.2518589280000003,ValueNorm/Evict,0.20254509688380237,0.11145490311619763,matched,0.2..0.25
pair6_llama32_abliterated_deepseek3b,musique,B-ReKV,0.314,0.2518589280000003,Random,0.14151010433640254,0.17248989566359746,matched,0.2..0.25
pair6_llama32_abliterated_deepseek3b,qasper,B-ReKV,0.302,0.40393804800000005,ReKV,0.2978237282710673,0.004176271728932701,matched,0.35..0.4
pair6_llama32_abliterated_deepseek3b,qasper,B-ReKV,0.302,0.40393804800000005,ValueNorm/Evict,0.24056948917462503,0.06143051082537496,matched,0.35..0.4
pair6_llama32_abliterated_deepseek3b,qasper,B-ReKV,0.302,0.40393804800000005,Random,0.25562711954822115,0.04637288045177884,matched,0.35..0.4
pair6_llama32_abliterated_deepseek3b,tipsheets,B-ReKV,0.43,0.23698031599999972,ReKV,0.40153921255602604,0.028460787443973956,matched,0.2..0.25
pair6_llama32_abliterated_deepseek3b,tipsheets,B-ReKV,0.43,0.23698031599999972,ValueNorm/Evict,0.377078425112052,0.05292157488794802,matched,0.2..0.25
pair6_llama32_abliterated_deepseek3b,tipsheets,B-ReKV,0.43,0.23698031599999972,Random,0.37573100392375813,0.05426899607624186,matched,0.2..0.25
pair6_llama32_abliterated_deepseek3b,tmath,B-ReKV,0.3260990933333333,0.25106460999999997,ReKV,0.3232457941193279,0.0028532992140054003,matched,0.2..0.25
pair6_llama32_abliterated_deepseek3b,tmath,B-ReKV,0.3260990933333333,0.25106460999999997,ValueNorm/Evict,0.32931711301014444,-0.0032180196768111236,matched,0.2..0.25
pair6_llama32_abliterated_deepseek3b,tmath,B-ReKV,0.3260990933333333,0.25106460999999997,Random,0.3238891202027039,0.002209973130629428,matched,0.2..0.25
pair6_llama32_abliterated_deepseek3b,twowikimqa,B-ReKV,0.395,0.39988733500000007,ReKV,0.3977660944986922,-0.0027660944986921954,matched,0.35..0.4
pair6_llama32_abliterated_deepseek3b,twowikimqa,B-ReKV,0.395,0.39988733500000007,ValueNorm/Evict,0.32106437799476867,0.07393562200523135,matched,0.35..0.4
pair6_llama32_abliterated_deepseek3b,twowikimqa,B-ReKV,0.395,0.39988733500000007,Random,0.33212875598953734,0.06287124401046268,matched,0.35..0.4
pair7_qwen25_uncensored_bespoke,countries,B-ReKV,0.485,0.4008138700000001,ReKV,0.4124722907607122,0.07252770923928781,matched,0.35..0.4
pair7_qwen25_uncensored_bespoke,countries,B-ReKV,0.485,0.4008138700000001,ValueNorm/Evict,0.005,0.48,matched,0.35..0.4
pair7_qwen25_uncensored_bespoke,countries,B-ReKV,0.485,0.4008138700000001,Random,0.09567929916006475,0.38932070083993525,matched,0.35..0.4
pair7_qwen25_uncensored_bespoke,hotpotqa,B-ReKV,0.352,0.38534502800000026,ReKV,0.38461656351772694,-0.03261656351772696,matched,0.35..0.4
pair7_qwen25_uncensored_bespoke,hotpotqa,B-ReKV,0.352,0.38534502800000026,ValueNorm/Evict,0.1693407241287402,0.18265927587125977,matched,0.35..0.4
pair7_qwen25_uncensored_bespoke,hotpotqa,B-ReKV,0.352,0.38534502800000026,Random,0.14614346279104853,0.20585653720895145,matched,0.35..0.4
pair7_qwen25_uncensored_bespoke,multifieldqa_en,B-ReKV,0.31333333333333335,0.35847211333333345,ReKV,0.3892543125742141,-0.07592097924088076,matched,0.3..0.35
pair7_qwen25_uncensored_bespoke,multifieldqa_en,B-ReKV,0.31333333333333335,0.35847211333333345,ValueNorm/Evict,0.09442960438930903,0.21890372894402432,matched,0.3..0.35
pair7_qwen25_uncensored_bespoke,multifieldqa_en,B-ReKV,0.31333333333333335,0.35847211333333345,Random,0.15646911476886863,0.15686421856446472,matched,0.3..0.35
pair7_qwen25_uncensored_bespoke,musique,B-ReKV,0.224,0.34411705199999976,ReKV,0.24270467752001407,-0.018704677520014062,matched,0.3..0.35
pair7_qwen25_uncensored_bespoke,musique,B-ReKV,0.224,0.34411705199999976,ValueNorm/Evict,0.15393191251429572,0.07006808748570428,matched,0.3..0.35
pair7_qwen25_uncensored_bespoke,musique,B-ReKV,0.224,0.34411705199999976,Random,0.09438638250285915,0.12961361749714084,matched,0.3..0.35
pair7_qwen25_uncensored_bespoke,qasper,B-ReKV,0.172,0.36837178999999987,ReKV,0.19539745198411995,-0.023397451984119966,matched,0.3..0.35
pair7_qwen25_uncensored_bespoke,qasper,B-ReKV,0.172,0.36837178999999987,ValueNorm/Evict,0.06639320529098655,0.10560679470901344,matched,0.3..0.35
pair7_qwen25_uncensored_bespoke,qasper,B-ReKV,0.172,0.36837178999999987,Random,0.0730042466931334,0.09899575330686658,matched,0.3..0.35
pair7_qwen25_uncensored_bespoke,tipsheets,B-ReKV,0.916,0.39804663599999973,ReKV,0.9051050448740445,0.010894955125955508,matched,0.35..0.4
pair7_qwen25_uncensored_bespoke,tipsheets,B-ReKV,0.916,0.39804663599999973,ValueNorm/Evict,0.0019299700839703615,0.9140700299160297,matched,0.35..0.4
pair7_qwen25_uncensored_bespoke,tipsheets,B-ReKV,0.916,0.39804663599999973,Random,0.1071750747900741,0.808824925209926,matched,0.35..0.4
pair7_qwen25_uncensored_bespoke,tmath,B-ReKV,0.32942261333333334,0.39069366666666683,ReKV,0.33091778830264185,-0.0014951749693085103,matched,0.35..0.4
pair7_qwen25_uncensored_bespoke,tmath,B-ReKV,0.32942261333333334,0.39069366666666683,ValueNorm/Evict,0.32866676703790004,0.0007558462954332934,matched,0.35..0.4
pair7_qwen25_uncensored_bespoke,tmath,B-ReKV,0.32942261333333334,0.39069366666666683,Random,0.3307033881018434,-0.0012807747685100734,matched,0.35..0.4
pair7_qwen25_uncensored_bespoke,twowikimqa,B-ReKV,0.17,0.3416963749999999,ReKV,0.16365739138930321,0.006342608610696798,matched,0.3..0.35
pair7_qwen25_uncensored_bespoke,twowikimqa,B-ReKV,0.17,0.3416963749999999,ValueNorm/Evict,0.050194434833581936,0.11980556516641808,matched,0.3..0.35
pair7_qwen25_uncensored_bespoke,twowikimqa,B-ReKV,0.17,0.3416963749999999,Random,0.04173147827786065,0.12826852172213937,matched,0.3..0.35
